source_path	target_path	size	sha256	source_sha256	transform
UploadFiles/xwzx/2024/1/202401021439497834.png	UploadFiles/xwzx/2024/1/202401021439497834.png	324328	e887e12224f910abf8b39745762eff6317225d7b540f6d32ccf3768b4bc942ea	e887e12224f910abf8b39745762eff6317225d7b540f6d32ccf3768b4bc942ea	
UploadFiles/xwzx/2024/1/202401021539459208.gif	UploadFiles/xwzx/2024/1/202401021539459208.gif	1005	96ae963c64e3bf7edd26f5e8d131f80d1444536dc7c69b6164d23e4db16a20d3	96ae963c64e3bf7edd26f5e8d131f80d1444536dc7c69b6164d23e4db16a20d3	
UploadFiles/xwzx/2024/1/202401021649451527.png	UploadFiles/xwzx/2024/1/202401021649451527.png	94054	82b26b8eaa187a9a878cafe8392834da4b22a10f2f609268a63a3c9a140faef9	82b26b8eaa187a9a878cafe8392834da4b22a10f2f609268a63a3c9a140faef9	
UploadFiles/xwzx/2024/1/202401030902167473.png	UploadFiles/xwzx/2024/1/202401030902167473.png	96801	fea6718ae8bab4f469c7c1f937211e3d92953e00f12dc1becf8d5c8595bf6cd1	fea6718ae8bab4f469c7c1f937211e3d92953e00f12dc1becf8d5c8595bf6cd1	
UploadFiles/xwzx/2024/1/202401030902511389.png	UploadFiles/xwzx/2024/1/202401030902511389.png	92733	4cb0ff86d94f154ecda1e02ef3776d0a3b13ded2980db49f67728a4fd9c5ec5f	4cb0ff86d94f154ecda1e02ef3776d0a3b13ded2980db49f67728a4fd9c5ec5f	
UploadFiles/xwzx/2024/1/202401030903186020.png	UploadFiles/xwzx/2024/1/202401030903186020.png	94060	93e60695721fb3ba6c006894e94633b4f47efcdb45032ca2980dd0d840750d83	93e60695721fb3ba6c006894e94633b4f47efcdb45032ca2980dd0d840750d83	
UploadFiles/xwzx/2024/1/202401031048205180.png	UploadFiles/xwzx/2024/1/202401031048205180.png	31249	67040aec6c8f8d96a0f0459a88726bf29c203cb54200177a40c635c371f731f2	67040aec6c8f8d96a0f0459a88726bf29c203cb54200177a40c635c371f731f2	
UploadFiles/xwzx/2024/1/202401031555406250.png	UploadFiles/xwzx/2024/1/202401031555406250.png	16185	19e126ac17d16d5fd067db5b375a24013930c222f0061895e6f091fdef6acd76	19e126ac17d16d5fd067db5b375a24013930c222f0061895e6f091fdef6acd76	
UploadFiles/xwzx/2024/1/202401041018576431.gif	UploadFiles/xwzx/2024/1/202401041018576431.gif	1012	62c86a7776611273707faece405890b74a8c521b17a73e339875d8aa4f9ca361	62c86a7776611273707faece405890b74a8c521b17a73e339875d8aa4f9ca361	
UploadFiles/xwzx/2024/1/202401041306017231.png	UploadFiles/xwzx/2024/1/202401041306017231.png	20347	a69b6fe0caa540d0d549428a1e3581ba14e0c5b6f3e2936e1133864473af6daf	a69b6fe0caa540d0d549428a1e3581ba14e0c5b6f3e2936e1133864473af6daf	
UploadFiles/xwzx/2024/1/202401041343085762.png	UploadFiles/xwzx/2024/1/202401041343085762.png	56134	5c70f1676678500d0f405f16c042e0c13467b6dc144766c8bd8946be3732acb2	5c70f1676678500d0f405f16c042e0c13467b6dc144766c8bd8946be3732acb2	
UploadFiles/xwzx/2024/1/202401041606461984.png	UploadFiles/xwzx/2024/1/202401041606461984.png	77196	2c3699a6766f276eac99100001aebf9dfd4ea2b4b3265da93a31bc4f249d36b2	2c3699a6766f276eac99100001aebf9dfd4ea2b4b3265da93a31bc4f249d36b2	
UploadFiles/xwzx/2024/1/202401041622352973.png	UploadFiles/xwzx/2024/1/202401041622352973.png	92540	7f1a4ca5e18104a03f0754b80348cdfa430de33ab622ddcc7837a19f7290b8ed	7f1a4ca5e18104a03f0754b80348cdfa430de33ab622ddcc7837a19f7290b8ed	
UploadFiles/xwzx/2024/1/202401050840402537.png	UploadFiles/xwzx/2024/1/202401050840402537.png	76958	babeb7abdc6fbcb2fb8d7f5e1391f5225177c9302b7727f6a639f4fb85847541	babeb7abdc6fbcb2fb8d7f5e1391f5225177c9302b7727f6a639f4fb85847541	
UploadFiles/xwzx/2024/1/202401050841047984.png	UploadFiles/xwzx/2024/1/202401050841047984.png	102840	47dbf3adbce5ddebc6bb656d5f7429179b1aa52dc74dc620c99eaafc6fb9e911	47dbf3adbce5ddebc6bb656d5f7429179b1aa52dc74dc620c99eaafc6fb9e911	
UploadFiles/xwzx/2024/1/202401050955440188.png	UploadFiles/xwzx/2024/1/202401050955440188.png	103408	a5ae69699a14c8925293fb7705113d91339a2b142a6841640e1870e6bee72a3f	a5ae69699a14c8925293fb7705113d91339a2b142a6841640e1870e6bee72a3f	
UploadFiles/xwzx/2024/1/202401051024202433.gif	UploadFiles/xwzx/2024/1/202401051024202433.gif	1012	62c86a7776611273707faece405890b74a8c521b17a73e339875d8aa4f9ca361	62c86a7776611273707faece405890b74a8c521b17a73e339875d8aa4f9ca361	
UploadFiles/xwzx/2024/1/202401090833326240.jpg	UploadFiles/xwzx/2024/1/202401090833326240.jpg	838953	01d0215018ce4c4a35bf72a86a8aa279962ae5c364ae5dd5ba5d5e39c65e66fb	01d0215018ce4c4a35bf72a86a8aa279962ae5c364ae5dd5ba5d5e39c65e66fb	
UploadFiles/xwzx/2024/1/202401090837202526.gif	UploadFiles/xwzx/2024/1/202401090837202526.gif	996	6a8c34408daee220b364f56261db307a68c0d8732f762bb90ddccb5482683677	6a8c34408daee220b364f56261db307a68c0d8732f762bb90ddccb5482683677	
UploadFiles/xwzx/2024/1/202401090837206187.gif	UploadFiles/xwzx/2024/1/202401090837206187.gif	1007	163cc66ea50ed88a0477749b55dbe6b10fd3d1d183af23c0081b1e74f0b4df48	163cc66ea50ed88a0477749b55dbe6b10fd3d1d183af23c0081b1e74f0b4df48	
UploadFiles/xwzx/2024/1/202401090902152313.png	UploadFiles/xwzx/2024/1/202401090902152313.png	90787	35f1a6a9a97c4f2ac3ab7dcd2c138de56402f743709ab9ac6eb9e6d128f457dc	35f1a6a9a97c4f2ac3ab7dcd2c138de56402f743709ab9ac6eb9e6d128f457dc	
UploadFiles/xwzx/2024/1/202401091607065203.png	UploadFiles/xwzx/2024/1/202401091607065203.png	60008	e747fdf553b039451ee2362bf51116fce34d0d37164ffdb89943bcf3748f12f9	e747fdf553b039451ee2362bf51116fce34d0d37164ffdb89943bcf3748f12f9	
UploadFiles/xwzx/2024/1/202401101033033397.jpg	UploadFiles/xwzx/2024/1/202401101033033397.jpg	485277	ac81095c772d47a3f0991d8c1c2cd44297c2098bd3ae5e649d240d88ee259467	ac81095c772d47a3f0991d8c1c2cd44297c2098bd3ae5e649d240d88ee259467	
UploadFiles/xwzx/2024/1/202401101034252412.gif	UploadFiles/xwzx/2024/1/202401101034252412.gif	1012	62c86a7776611273707faece405890b74a8c521b17a73e339875d8aa4f9ca361	62c86a7776611273707faece405890b74a8c521b17a73e339875d8aa4f9ca361	
UploadFiles/xwzx/2024/1/202401101034254816.gif	UploadFiles/xwzx/2024/1/202401101034254816.gif	1005	96ae963c64e3bf7edd26f5e8d131f80d1444536dc7c69b6164d23e4db16a20d3	96ae963c64e3bf7edd26f5e8d131f80d1444536dc7c69b6164d23e4db16a20d3	
UploadFiles/xwzx/2024/1/202401101056150080.png	UploadFiles/xwzx/2024/1/202401101056150080.png	146009	b8083910a829b8ed98c33a52099f8944f11d1ce377ff40b8752f9852c6a90190	b8083910a829b8ed98c33a52099f8944f11d1ce377ff40b8752f9852c6a90190	
UploadFiles/xwzx/2024/1/202401101056150321.png	UploadFiles/xwzx/2024/1/202401101056150321.png	186213	32399ac9851f3be3ca1b390ad72c76d8d7430752f7154d73e13e08c29664941c	32399ac9851f3be3ca1b390ad72c76d8d7430752f7154d73e13e08c29664941c	
UploadFiles/xwzx/2024/1/202401101056150516.png	UploadFiles/xwzx/2024/1/202401101056150516.png	127896	ffb98fd896a75cbe2eeb8f8467e64cdd8abc303ad00810da80bb6ead62fcafda	ffb98fd896a75cbe2eeb8f8467e64cdd8abc303ad00810da80bb6ead62fcafda	
UploadFiles/xwzx/2024/1/202401101056154559.png	UploadFiles/xwzx/2024/1/202401101056154559.png	204334	f083e26156205c4dae3160bd239eb94dc8b74b63a2cfc78a0c08427955835bc6	f083e26156205c4dae3160bd239eb94dc8b74b63a2cfc78a0c08427955835bc6	
UploadFiles/xwzx/2024/1/202401101056158506.png	UploadFiles/xwzx/2024/1/202401101056158506.png	160997	c8298a80b371a78931f3dc175ce0bb60e5cc42ab4d6f5e90522be7dc8de35e8b	c8298a80b371a78931f3dc175ce0bb60e5cc42ab4d6f5e90522be7dc8de35e8b	
UploadFiles/xwzx/2024/1/202401101056159514.png	UploadFiles/xwzx/2024/1/202401101056159514.png	143651	786f5df0c86b6e8ee536b4bddd263715dc6a130e87f69c9aff270e61f42d9fbd	786f5df0c86b6e8ee536b4bddd263715dc6a130e87f69c9aff270e61f42d9fbd	
UploadFiles/xwzx/2024/1/202401101056160928.png	UploadFiles/xwzx/2024/1/202401101056160928.png	200260	17c08872f854ba59c527e4e2b8069a8abce93c65877933fd7fe5ce954dcd7efa	17c08872f854ba59c527e4e2b8069a8abce93c65877933fd7fe5ce954dcd7efa	
UploadFiles/xwzx/2024/1/202401101056161059.png	UploadFiles/xwzx/2024/1/202401101056161059.png	129332	984db0a4c4cd5900a3642d6312e8eb7fe76a33f9bda92ee48ea3c37af314f195	984db0a4c4cd5900a3642d6312e8eb7fe76a33f9bda92ee48ea3c37af314f195	
UploadFiles/xwzx/2024/1/202401101056163138.png	UploadFiles/xwzx/2024/1/202401101056163138.png	140973	ae917afb9093dbdb4412f31b59e43f34773fadc97b80062efbb00f5ce7807681	ae917afb9093dbdb4412f31b59e43f34773fadc97b80062efbb00f5ce7807681	
UploadFiles/xwzx/2024/1/202401101056164299.png	UploadFiles/xwzx/2024/1/202401101056164299.png	84537	dc4c4d39a58ef594122bb72befa3df41ae8f2aada42023be3f8a0c58c1115be3	dc4c4d39a58ef594122bb72befa3df41ae8f2aada42023be3f8a0c58c1115be3	
UploadFiles/xwzx/2024/1/202401101056165341.png	UploadFiles/xwzx/2024/1/202401101056165341.png	137362	4ef5842411b869905d1294de6a130470ec9e10803b54ba057dd6fcb88c323cf7	4ef5842411b869905d1294de6a130470ec9e10803b54ba057dd6fcb88c323cf7	
UploadFiles/xwzx/2024/1/202401101056169544.png	UploadFiles/xwzx/2024/1/202401101056169544.png	173839	5c4dfef5942b49748dad19186ba0b02b5b0d094f972827315b6b8549a7365243	5c4dfef5942b49748dad19186ba0b02b5b0d094f972827315b6b8549a7365243	
UploadFiles/xwzx/2024/1/202401101056169644.png	UploadFiles/xwzx/2024/1/202401101056169644.png	120730	ff8e5a21277d31db9b9c6641e38e74ec580b8b2b081f61c4e65d2a8a786edb5f	ff8e5a21277d31db9b9c6641e38e74ec580b8b2b081f61c4e65d2a8a786edb5f	
UploadFiles/xwzx/2024/1/202401101510256005.gif	UploadFiles/xwzx/2024/1/202401101510256005.gif	1012	62c86a7776611273707faece405890b74a8c521b17a73e339875d8aa4f9ca361	62c86a7776611273707faece405890b74a8c521b17a73e339875d8aa4f9ca361	
UploadFiles/xwzx/2024/1/202401101514059753.png	UploadFiles/xwzx/2024/1/202401101514059753.png	92843	88e1283b03a4cd7ffbb3829380b2167d87e0979ecb9bc731da6124bb5de67b60	88e1283b03a4cd7ffbb3829380b2167d87e0979ecb9bc731da6124bb5de67b60	
UploadFiles/xwzx/2024/1/202401101517341699.gif	UploadFiles/xwzx/2024/1/202401101517341699.gif	1001	c307c8f0b67e7dba8025eba1af7d957b54d2051d0ff82b2c5d90bc3c7a434904	c307c8f0b67e7dba8025eba1af7d957b54d2051d0ff82b2c5d90bc3c7a434904	
UploadFiles/xwzx/2024/1/202401111614591697.png	UploadFiles/xwzx/2024/1/202401111614591697.png	94130	8df25854156ce28a54a067ac9e79e8da977d6859134f5afa77fedd3289d3e36a	8df25854156ce28a54a067ac9e79e8da977d6859134f5afa77fedd3289d3e36a	
UploadFiles/xwzx/2024/1/202401111641444451.png	UploadFiles/xwzx/2024/1/202401111641444451.png	84696	09113c4cc285cf6c8bb859de793af998b979c87232cb9ce1c4688e5b01d673e2	09113c4cc285cf6c8bb859de793af998b979c87232cb9ce1c4688e5b01d673e2	
UploadFiles/xwzx/2024/1/202401120828008609.png	UploadFiles/xwzx/2024/1/202401120828008609.png	32535	77e097c64284f55a0c277a62e0ad5d21fa0dbb8b2d8f462ca00b9be63e50296a	77e097c64284f55a0c277a62e0ad5d21fa0dbb8b2d8f462ca00b9be63e50296a	
UploadFiles/xwzx/2024/1/202401120828490449.png	UploadFiles/xwzx/2024/1/202401120828490449.png	53677	8ec2756f0ed6447e7d7f7fec091a4c4178d06a1c44b11b519fff1d07268bd0d0	8ec2756f0ed6447e7d7f7fec091a4c4178d06a1c44b11b519fff1d07268bd0d0	
UploadFiles/xwzx/2024/1/202401131349109936.png	UploadFiles/xwzx/2024/1/202401131349109936.png	93916	2ce1753129d602c61ebf9e6250abb05003f31c4708a39f85150287472188f375	2ce1753129d602c61ebf9e6250abb05003f31c4708a39f85150287472188f375	
UploadFiles/xwzx/2024/1/202401131615350585.png	UploadFiles/xwzx/2024/1/202401131615350585.png	12628	1de7a678a1d7bba2da22718dd743f5ecb0073da014c1134da25905e75355005c	1de7a678a1d7bba2da22718dd743f5ecb0073da014c1134da25905e75355005c	
UploadFiles/xwzx/2024/1/202401131615397697.png	UploadFiles/xwzx/2024/1/202401131615397697.png	3555	fb2da42e77b409d708a21505377bb17d23cc51020953aae16418850ee7cc2f29	fb2da42e77b409d708a21505377bb17d23cc51020953aae16418850ee7cc2f29	
UploadFiles/xwzx/2024/1/202401150835397130.png	UploadFiles/xwzx/2024/1/202401150835397130.png	31432	1f9613ac8bc4e9cd5a9e13cc7b46f4cac9d75ae056f0cd12d97a7d583d0f1d44	1f9613ac8bc4e9cd5a9e13cc7b46f4cac9d75ae056f0cd12d97a7d583d0f1d44	
UploadFiles/xwzx/2024/1/202401150905286978.png	UploadFiles/xwzx/2024/1/202401150905286978.png	85023	b4c5bbfca8e6b07eee2f2dd9a891f521635381facaa3096f71356bcd3f3fb3d0	b4c5bbfca8e6b07eee2f2dd9a891f521635381facaa3096f71356bcd3f3fb3d0	
UploadFiles/xwzx/2024/1/202401150905486452.png	UploadFiles/xwzx/2024/1/202401150905486452.png	104560	193a1152b5f1c82fd73c944964177ea34d958e657747d27bf432b754b05b5cae	193a1152b5f1c82fd73c944964177ea34d958e657747d27bf432b754b05b5cae	
UploadFiles/xwzx/2024/1/202401151530408030.gif	UploadFiles/xwzx/2024/1/202401151530408030.gif	1012	62c86a7776611273707faece405890b74a8c521b17a73e339875d8aa4f9ca361	62c86a7776611273707faece405890b74a8c521b17a73e339875d8aa4f9ca361	
UploadFiles/xwzx/2024/1/202401161234169917.png	UploadFiles/xwzx/2024/1/202401161234169917.png	225162	3dcce47ddcaa09b669051e215a82ab872153b5334e257f3478792bfcf13a32e8	3dcce47ddcaa09b669051e215a82ab872153b5334e257f3478792bfcf13a32e8	
UploadFiles/xwzx/2024/1/202401161239366872.png	UploadFiles/xwzx/2024/1/202401161239366872.png	26216	d77e4139ec762b9107d5f8e53481180386aa9cc92d697c896491360463023606	d77e4139ec762b9107d5f8e53481180386aa9cc92d697c896491360463023606	
UploadFiles/xwzx/2024/1/202401161444124939.png	UploadFiles/xwzx/2024/1/202401161444124939.png	45300	528b7ab4ca40f98580d332fcd65f50b05e9c5be24483f2cfefc67ada6309db8b	528b7ab4ca40f98580d332fcd65f50b05e9c5be24483f2cfefc67ada6309db8b	
UploadFiles/xwzx/2024/1/202401161646305214.JPG	UploadFiles/xwzx/2024/1/202401161646305214.JPG	13340034	e28818ac03efe7c3aeeffb0280f1d54607586934a8f920c4726f036ee345390f	e28818ac03efe7c3aeeffb0280f1d54607586934a8f920c4726f036ee345390f	
UploadFiles/xwzx/2024/1/202401161646460738.JPG	UploadFiles/xwzx/2024/1/202401161646460738.JPG	13140610	9742a4b2971eb494a0e17ddc0ea4c971169fc5795b99863c750557100f76e8dd	9742a4b2971eb494a0e17ddc0ea4c971169fc5795b99863c750557100f76e8dd	
UploadFiles/xwzx/2024/1/202401161646527495.JPG	UploadFiles/xwzx/2024/1/202401161646527495.JPG	14962099	58ca218cd23e881e2646dd1daab462e70a2e81ca8f8e925627b3133b8ba4d5af	58ca218cd23e881e2646dd1daab462e70a2e81ca8f8e925627b3133b8ba4d5af	
UploadFiles/xwzx/2024/1/202401161646596271.JPG	UploadFiles/xwzx/2024/1/202401161646596271.JPG	13246634	1bc73638940abfd0bf10a4e21e7c696824b2aaf9ad5b3eb6350f55f98c663d3b	1bc73638940abfd0bf10a4e21e7c696824b2aaf9ad5b3eb6350f55f98c663d3b	
UploadFiles/xwzx/2024/1/202401161647130194.JPG	UploadFiles/xwzx/2024/1/202401161647130194.JPG	13930158	1f9dd8baa71d57d1c3200c7523f56ebb8ac3a716455b335d7f383d5bc6e177e5	1f9dd8baa71d57d1c3200c7523f56ebb8ac3a716455b335d7f383d5bc6e177e5	
UploadFiles/xwzx/2024/1/202401161647199775.JPG	UploadFiles/xwzx/2024/1/202401161647199775.JPG	14095312	dbc4a1d427bde755aaa49cfc6482223703b5838f43fcd04ccd24a48a762ea522	dbc4a1d427bde755aaa49cfc6482223703b5838f43fcd04ccd24a48a762ea522	
UploadFiles/xwzx/2024/1/202401161647265112.JPG	UploadFiles/xwzx/2024/1/202401161647265112.JPG	14007967	929eb19eabddfea294b2624c5988d7ff1f8d6df015b6d9acf4575597a2fc2964	929eb19eabddfea294b2624c5988d7ff1f8d6df015b6d9acf4575597a2fc2964	
UploadFiles/xwzx/2024/1/202401161647283339.JPG	UploadFiles/xwzx/2024/1/202401161647283339.JPG	2639462	82fd05cc2cef5eb0bf4f2b10d3ed59d894c6ad5937700add6e4995fc7f7e458b	82fd05cc2cef5eb0bf4f2b10d3ed59d894c6ad5937700add6e4995fc7f7e458b	
UploadFiles/xwzx/2024/1/202401161647338416.jpg	UploadFiles/xwzx/2024/1/202401161647338416.jpg	13256935	40c9eb9e4c794c04b06c0f3ec813fa175907b5f892c27c0bcdf1f7a331faa103	40c9eb9e4c794c04b06c0f3ec813fa175907b5f892c27c0bcdf1f7a331faa103	
UploadFiles/xwzx/2024/1/202401161647357643.JPG	UploadFiles/xwzx/2024/1/202401161647357643.JPG	13697195	311d8ef73d6755ceb827ac23416ae30054ec76907ee85f4ea11fcddbed77011c	311d8ef73d6755ceb827ac23416ae30054ec76907ee85f4ea11fcddbed77011c	
UploadFiles/xwzx/2024/1/202401161650487110.png	UploadFiles/xwzx/2024/1/202401161650487110.png	91446	9ae0188028bcca17525035c8b86ec8fd682da6fdd76703cb2947e83ddb6e1dcc	9ae0188028bcca17525035c8b86ec8fd682da6fdd76703cb2947e83ddb6e1dcc	
UploadFiles/xwzx/2024/1/202401181257381967.gif	UploadFiles/xwzx/2024/1/202401181257381967.gif	1012	62c86a7776611273707faece405890b74a8c521b17a73e339875d8aa4f9ca361	62c86a7776611273707faece405890b74a8c521b17a73e339875d8aa4f9ca361	
UploadFiles/xwzx/2024/1/202401181602078965.png	UploadFiles/xwzx/2024/1/202401181602078965.png	684042	9932ce0021674f00ef14c7b1462d43f6b35d681bc507cb781108124fe2534a7a	9932ce0021674f00ef14c7b1462d43f6b35d681bc507cb781108124fe2534a7a	
UploadFiles/xwzx/2024/1/202401181630092893.png	UploadFiles/xwzx/2024/1/202401181630092893.png	103451	d80f7e6859004ca9c47ffc00b205faaf5a1e030ae17da8ff42b7ea468b88cb83	d80f7e6859004ca9c47ffc00b205faaf5a1e030ae17da8ff42b7ea468b88cb83	
UploadFiles/xwzx/2024/1/202401181633446894.png	UploadFiles/xwzx/2024/1/202401181633446894.png	90783	cebc48805366aa4e5f48c22e42dbc655a9345971d5853c8ca560b93f608899cd	cebc48805366aa4e5f48c22e42dbc655a9345971d5853c8ca560b93f608899cd	
UploadFiles/xwzx/2024/1/202401181640401960.png	UploadFiles/xwzx/2024/1/202401181640401960.png	103252	06c9c3133e4755148709c111d1c11bb344d60c244081e38080045e408184cdfa	06c9c3133e4755148709c111d1c11bb344d60c244081e38080045e408184cdfa	
UploadFiles/xwzx/2024/1/202401181645058531.png	UploadFiles/xwzx/2024/1/202401181645058531.png	84367	ec5caf693b36598754bc6a71e1ac70839cbc5c597b9c7d93a242e58a22a58713	ec5caf693b36598754bc6a71e1ac70839cbc5c597b9c7d93a242e58a22a58713	
UploadFiles/xwzx/2024/1/202401181646140140.png	UploadFiles/xwzx/2024/1/202401181646140140.png	85262	6a09cdade4050f1d79ac5d09fd016560938de5836d843b03a77d71e11df1deab	6a09cdade4050f1d79ac5d09fd016560938de5836d843b03a77d71e11df1deab	
UploadFiles/xwzx/2024/1/202401191526454280.png	UploadFiles/xwzx/2024/1/202401191526454280.png	85014	bf92b313d6893025cc65725e18ca318439cff3f5be12e52a365ac01a8a6225be	bf92b313d6893025cc65725e18ca318439cff3f5be12e52a365ac01a8a6225be	
UploadFiles/xwzx/2024/1/202401191620018113.png	UploadFiles/xwzx/2024/1/202401191620018113.png	102869	bf0eef06eab42a7109619fb3d6c0b629249ce3841cb6716de8730b00e8b3bc15	bf0eef06eab42a7109619fb3d6c0b629249ce3841cb6716de8730b00e8b3bc15	
UploadFiles/xwzx/2024/1/202401220818294133.png	UploadFiles/xwzx/2024/1/202401220818294133.png	16259	db3b596f0bbbc5b9e3db3266768ec20e1c07a1c38900968edfe0dd5a75caacbd	db3b596f0bbbc5b9e3db3266768ec20e1c07a1c38900968edfe0dd5a75caacbd	
UploadFiles/xwzx/2024/1/202401220825513272.png	UploadFiles/xwzx/2024/1/202401220825513272.png	493991	997c14bf1f5f612099a124cc13fe2a811d10f8856b7c3275a6c43cdd78755628	997c14bf1f5f612099a124cc13fe2a811d10f8856b7c3275a6c43cdd78755628	
UploadFiles/xwzx/2024/1/202401220925460528.png	UploadFiles/xwzx/2024/1/202401220925460528.png	269411	67a86c617f6d78f139ca476687fe227260dfc658303c506fa092b91b8f9d8b99	67a86c617f6d78f139ca476687fe227260dfc658303c506fa092b91b8f9d8b99	
UploadFiles/xwzx/2024/1/202401221109155288.JPG	UploadFiles/xwzx/2024/1/202401221109155288.JPG	353232	7eabeb29e32b2014d4491369bfea13ce71d1d96bf015c21290379935fd47c8ad	7eabeb29e32b2014d4491369bfea13ce71d1d96bf015c21290379935fd47c8ad	
UploadFiles/xwzx/2024/1/202401221436538563.png	UploadFiles/xwzx/2024/1/202401221436538563.png	87744	f521c2592eb018cab7ca327c21faed23d4f48a14faaaf380f593b16d5703721e	f521c2592eb018cab7ca327c21faed23d4f48a14faaaf380f593b16d5703721e	
UploadFiles/xwzx/2024/1/202401221607214905.png	UploadFiles/xwzx/2024/1/202401221607214905.png	61998	0b7fcbaf4e80f6e2573e87d41170310c638a319542a7cb5f0b82b13217160174	0b7fcbaf4e80f6e2573e87d41170310c638a319542a7cb5f0b82b13217160174	
UploadFiles/xwzx/2024/1/202401221653275187.png	UploadFiles/xwzx/2024/1/202401221653275187.png	90852	b59f754edb4cc469779c0c43b8e6bc981d2741fa52c4b7536c1f34cb2426b926	b59f754edb4cc469779c0c43b8e6bc981d2741fa52c4b7536c1f34cb2426b926	
UploadFiles/xwzx/2024/1/202401221704497926.png	UploadFiles/xwzx/2024/1/202401221704497926.png	17531	53cd82c0b669090baddb88dd001c86250088adf9b557f0e5ad29282bb848bdf7	53cd82c0b669090baddb88dd001c86250088adf9b557f0e5ad29282bb848bdf7	
UploadFiles/xwzx/2024/1/202401221705051601.png	UploadFiles/xwzx/2024/1/202401221705051601.png	33952	d2c19394e9d257f177577d23afe65927403048954d991c2e2f4006deb1c6b8fb	d2c19394e9d257f177577d23afe65927403048954d991c2e2f4006deb1c6b8fb	
UploadFiles/xwzx/2024/1/202401231358362129.png	UploadFiles/xwzx/2024/1/202401231358362129.png	81736	c821a4193850e45d050506f0bfd47fc4fdb611089171027fe24dd9324596e083	c821a4193850e45d050506f0bfd47fc4fdb611089171027fe24dd9324596e083	
UploadFiles/xwzx/2024/1/202401240920011414.jpg	UploadFiles/xwzx/2024/1/202401240920011414.jpg	110931	59c12cbe7e92e85ca2586451fdba12b752b624be7d479a418cd5198fa95b2eb8	59c12cbe7e92e85ca2586451fdba12b752b624be7d479a418cd5198fa95b2eb8	
UploadFiles/xwzx/2024/1/202401240922209337.JPG	UploadFiles/xwzx/2024/1/202401240922209337.JPG	15311313	a98f0a2eaa456b284b6926043a49faaa354b753b340d35367b70fe546ff20fc6	a98f0a2eaa456b284b6926043a49faaa354b753b340d35367b70fe546ff20fc6	
UploadFiles/xwzx/2024/1/202401240922230300.JPG	UploadFiles/xwzx/2024/1/202401240922230300.JPG	15175459	1c881f45786440bd426938641bfe33521ea72c1dff84c1cd6c1b0c46bcb2dd43	1c881f45786440bd426938641bfe33521ea72c1dff84c1cd6c1b0c46bcb2dd43	
UploadFiles/xwzx/2024/1/202401240922250762.JPG	UploadFiles/xwzx/2024/1/202401240922250762.JPG	15907344	3b0fcc23a38b4f8874b74c985f5845e2fc0684f8c6f2bb11ad474dc0f41f089c	3b0fcc23a38b4f8874b74c985f5845e2fc0684f8c6f2bb11ad474dc0f41f089c	
UploadFiles/xwzx/2024/1/202401240922256841.JPG	UploadFiles/xwzx/2024/1/202401240922256841.JPG	15810083	325f2fac229ea7ba54627f05df5cb740c3e1cefa0f8eff14ad844ab61fc34b22	325f2fac229ea7ba54627f05df5cb740c3e1cefa0f8eff14ad844ab61fc34b22	
UploadFiles/xwzx/2024/1/202401240922263781.JPG	UploadFiles/xwzx/2024/1/202401240922263781.JPG	14964222	3234e084f620ce7811ed7e67641745043261ec775f39f4e2aa86ac586d5bf534	3234e084f620ce7811ed7e67641745043261ec775f39f4e2aa86ac586d5bf534	
UploadFiles/xwzx/2024/1/202401240922299040.JPG	UploadFiles/xwzx/2024/1/202401240922299040.JPG	15327595	1f6ff4d79b59e29d711e3c274c8111075fca241479f1193183476d66393d0d3e	1f6ff4d79b59e29d711e3c274c8111075fca241479f1193183476d66393d0d3e	
UploadFiles/xwzx/2024/1/202401240922319514.JPG	UploadFiles/xwzx/2024/1/202401240922319514.JPG	15284292	31d02da123e809caae1d59c838903a659bfe9377fea88b49dd47e28af2c471b4	31d02da123e809caae1d59c838903a659bfe9377fea88b49dd47e28af2c471b4	
UploadFiles/xwzx/2024/1/202401240922337049.JPG	UploadFiles/xwzx/2024/1/202401240922337049.JPG	15477900	c2bfbff13bbf72b155019fa3c7a8adf47094e5be8467649c9652140a647d3d9c	c2bfbff13bbf72b155019fa3c7a8adf47094e5be8467649c9652140a647d3d9c	
UploadFiles/xwzx/2024/1/202401240922346772.JPG	UploadFiles/xwzx/2024/1/202401240922346772.JPG	16253422	52dd3a65e94866d2405030d14f443d13cd49a4f02702a67893e43ba977c19a88	52dd3a65e94866d2405030d14f443d13cd49a4f02702a67893e43ba977c19a88	
UploadFiles/xwzx/2024/1/202401240922368334.JPG	UploadFiles/xwzx/2024/1/202401240922368334.JPG	14832327	1c49c41a1c4d082c3cc6311e0e04cce4c785f3ff67c2bdbf8e188259d5511ba2	1c49c41a1c4d082c3cc6311e0e04cce4c785f3ff67c2bdbf8e188259d5511ba2	
UploadFiles/xwzx/2024/1/202401240922394501.JPG	UploadFiles/xwzx/2024/1/202401240922394501.JPG	15635354	f08245721dd8d5a8defd5c88778cd27d44eae7c73b28a89ec93c71e0260744bb	f08245721dd8d5a8defd5c88778cd27d44eae7c73b28a89ec93c71e0260744bb	
UploadFiles/xwzx/2024/1/202401240922425629.JPG	UploadFiles/xwzx/2024/1/202401240922425629.JPG	16246551	b1ed177a83deebec9b6792c56c383ef550116fa1adae330a2f48fa3bbedae196	b1ed177a83deebec9b6792c56c383ef550116fa1adae330a2f48fa3bbedae196	
UploadFiles/xwzx/2024/1/202401240922426324.JPG	UploadFiles/xwzx/2024/1/202401240922426324.JPG	15173847	95efc2591f7ae02b00babe3905a71f8d3ff26ebda7cc3c2a514e7650d9dfc129	95efc2591f7ae02b00babe3905a71f8d3ff26ebda7cc3c2a514e7650d9dfc129	
UploadFiles/xwzx/2024/1/202401240922455048.JPG	UploadFiles/xwzx/2024/1/202401240922455048.JPG	16523608	ea63649648311d58ed446072d30191fe07e4c37f0e48217a4738c7fface8bda1	ea63649648311d58ed446072d30191fe07e4c37f0e48217a4738c7fface8bda1	
UploadFiles/xwzx/2024/1/202401240922479375.jpg	UploadFiles/xwzx/2024/1/202401240922479375.jpg	11224825	82ed7dff1f6ead9c6498b67653ec3b6a73b388bba55631201197e0cb541dfeff	82ed7dff1f6ead9c6498b67653ec3b6a73b388bba55631201197e0cb541dfeff	
UploadFiles/xwzx/2024/1/202401240922482629.JPG	UploadFiles/xwzx/2024/1/202401240922482629.JPG	16657263	6ec441b15b1cc106b9a7edc4a7b546b89ee6a874c03444251a92c9aa4ef97a44	6ec441b15b1cc106b9a7edc4a7b546b89ee6a874c03444251a92c9aa4ef97a44	
UploadFiles/xwzx/2024/1/202401240922482658.JPG	UploadFiles/xwzx/2024/1/202401240922482658.JPG	15549559	b11475cbc1421db87514b5228392e6016d4d22b844b3b0ebcb9a649061f6ed00	b11475cbc1421db87514b5228392e6016d4d22b844b3b0ebcb9a649061f6ed00	
UploadFiles/xwzx/2024/1/202401241614030229.png	UploadFiles/xwzx/2024/1/202401241614030229.png	91493	d2e7dcddb266bce8d5cc0486793d566f6aa3df73b34a9b3410e651af3c6e9b59	d2e7dcddb266bce8d5cc0486793d566f6aa3df73b34a9b3410e651af3c6e9b59	
UploadFiles/xwzx/2024/1/202401250757316718.png	UploadFiles/xwzx/2024/1/202401250757316718.png	19580	eca950497d47403ed4522580a823cf3877cc9cbc731eba8208b1cc224d36ce60	eca950497d47403ed4522580a823cf3877cc9cbc731eba8208b1cc224d36ce60	
UploadFiles/xwzx/2024/1/202401250805400704.png	UploadFiles/xwzx/2024/1/202401250805400704.png	65290	ab55dd1ffcd3230e0922864eb13bfe9a5ceb297a59778ff52a07e6d282725412	ab55dd1ffcd3230e0922864eb13bfe9a5ceb297a59778ff52a07e6d282725412	
UploadFiles/xwzx/2024/1/202401250815315754.png	UploadFiles/xwzx/2024/1/202401250815315754.png	34770	c612ec52aad095513ec36192b43ef06c50b6fd4d80cc294fee540ebf63546942	c612ec52aad095513ec36192b43ef06c50b6fd4d80cc294fee540ebf63546942	
UploadFiles/xwzx/2024/1/202401250816300986.png	UploadFiles/xwzx/2024/1/202401250816300986.png	86032	9e9da5b6c55c4b1a3e98c798e33952a437c54ff24865c97d4d3d07e9efb1a8c6	9e9da5b6c55c4b1a3e98c798e33952a437c54ff24865c97d4d3d07e9efb1a8c6	
UploadFiles/xwzx/2024/1/202401250816501641.png	UploadFiles/xwzx/2024/1/202401250816501641.png	30681	712f6c5e214ff5a6d098321594c7af58395b41bbcc201abb62d0ec21c1238f97	712f6c5e214ff5a6d098321594c7af58395b41bbcc201abb62d0ec21c1238f97	
UploadFiles/xwzx/2024/1/202401250939141783.png	UploadFiles/xwzx/2024/1/202401250939141783.png	91280	599cdc38d25482ce7dc09c83846bd244a6874c4cd2b3e0359bd7b415d1cde711	599cdc38d25482ce7dc09c83846bd244a6874c4cd2b3e0359bd7b415d1cde711	
UploadFiles/xwzx/2024/1/202401251052117711.png	UploadFiles/xwzx/2024/1/202401251052117711.png	26680	6697e8c7cbc8834186c2337c605b73bed873ac736beb3bf123325f8f14d9bc75	6697e8c7cbc8834186c2337c605b73bed873ac736beb3bf123325f8f14d9bc75	
UploadFiles/xwzx/2024/1/202401251439558760.png	UploadFiles/xwzx/2024/1/202401251439558760.png	38551	22c5503baeeca9be03e92b1c10df4dcee9ecc506e25d8aab9a3b6a6d3e1fdcca	22c5503baeeca9be03e92b1c10df4dcee9ecc506e25d8aab9a3b6a6d3e1fdcca	
UploadFiles/xwzx/2024/1/202401251618497209.png	UploadFiles/xwzx/2024/1/202401251618497209.png	92997	846092fa3580475f3a17cee9c25ed0d8fa55294e901251db46995e028b7cef37	846092fa3580475f3a17cee9c25ed0d8fa55294e901251db46995e028b7cef37	
UploadFiles/xwzx/2024/1/202401251620018681.png	UploadFiles/xwzx/2024/1/202401251620018681.png	92243	b1fbd3e39b94ff34450ffc53f50480497234f1a8d437d69acd64ef4888e2cfe0	b1fbd3e39b94ff34450ffc53f50480497234f1a8d437d69acd64ef4888e2cfe0	
UploadFiles/xwzx/2024/1/202401261630381432.png	UploadFiles/xwzx/2024/1/202401261630381432.png	93118	287b1d4ee76a8a4d67de636f3265022010b5d1fa95417dc823131cfdb7e3c13b	287b1d4ee76a8a4d67de636f3265022010b5d1fa95417dc823131cfdb7e3c13b	
UploadFiles/xwzx/2024/1/202401281601198572.png	UploadFiles/xwzx/2024/1/202401281601198572.png	90514	3ffeeae65687107052862c466002cdefd8550f34cc51189df0acd4e42c3c6f66	3ffeeae65687107052862c466002cdefd8550f34cc51189df0acd4e42c3c6f66	
UploadFiles/xwzx/2024/1/202401281601451289.png	UploadFiles/xwzx/2024/1/202401281601451289.png	89769	dcff24e09178b72a4bd2d56ba01ef8b7c2314b719c8cfbadce259151edb823c8	dcff24e09178b72a4bd2d56ba01ef8b7c2314b719c8cfbadce259151edb823c8	
UploadFiles/xwzx/2024/1/202401281602180688.png	UploadFiles/xwzx/2024/1/202401281602180688.png	91735	52a5634f312c1bde108e5a155839cf26589888b72f2ff08c535fff133d7e6cdb	52a5634f312c1bde108e5a155839cf26589888b72f2ff08c535fff133d7e6cdb	
UploadFiles/xwzx/2024/1/202401291430233898.png	UploadFiles/xwzx/2024/1/202401291430233898.png	24495	b1788467f8f6d21521b9cfd42e69832ec29af49797fc9610709e1b8dbb44c99c	b1788467f8f6d21521b9cfd42e69832ec29af49797fc9610709e1b8dbb44c99c	
UploadFiles/xwzx/2024/10/202410061555142275.png	UploadFiles/xwzx/2024/10/202410061555142275.png	99211	d91744311dd742210d99b5669c9d7c7e9e8a35fb927f3e4dc6b481344e4331f3	d91744311dd742210d99b5669c9d7c7e9e8a35fb927f3e4dc6b481344e4331f3	
UploadFiles/xwzx/2024/10/202410061556431476.png	UploadFiles/xwzx/2024/10/202410061556431476.png	98887	a4f4c035044e61e50ce722fb1d4b16772636374dabb081f289473cff84fb748e	a4f4c035044e61e50ce722fb1d4b16772636374dabb081f289473cff84fb748e	
UploadFiles/xwzx/2024/10/202410070827529615.png	UploadFiles/xwzx/2024/10/202410070827529615.png	98085	454c17534c96bd867b77128b57f9982b92b6bd676b5118eb75100f7384d2c3d8	454c17534c96bd867b77128b57f9982b92b6bd676b5118eb75100f7384d2c3d8	
UploadFiles/xwzx/2024/10/202410070857446442.jpg	UploadFiles/xwzx/2024/10/202410070857446442.jpg	458679	43c1b455eb16d2de5608d2ebcea88cd465d2cd0be21206e8fa22d50b1b5d651b	43c1b455eb16d2de5608d2ebcea88cd465d2cd0be21206e8fa22d50b1b5d651b	
UploadFiles/xwzx/2024/10/202410070857458342.jpg	UploadFiles/xwzx/2024/10/202410070857458342.jpg	558359	c289952da279814bf2f94ccf74702a935399a0e3dc3f5e2c20331f4b31c11c29	c289952da279814bf2f94ccf74702a935399a0e3dc3f5e2c20331f4b31c11c29	
UploadFiles/xwzx/2024/10/202410070857461537.jpg	UploadFiles/xwzx/2024/10/202410070857461537.jpg	389538	e040c34df892552121715ab7b28e2d4fd6984a68464f21b0b410143de1ea33e6	e040c34df892552121715ab7b28e2d4fd6984a68464f21b0b410143de1ea33e6	
UploadFiles/xwzx/2024/10/202410070857511350.jpg	UploadFiles/xwzx/2024/10/202410070857511350.jpg	6158720	3d3f29f4fd6314da3709aa8aa34ae718babbf7f0339733dd86ab008c8a9e1838	3d3f29f4fd6314da3709aa8aa34ae718babbf7f0339733dd86ab008c8a9e1838	
UploadFiles/xwzx/2024/10/202410070857521946.jpg	UploadFiles/xwzx/2024/10/202410070857521946.jpg	552635	392f790017730ec953a305ddb56d9ab4185aa17f6040be9bab22f50be87e0a9f	392f790017730ec953a305ddb56d9ab4185aa17f6040be9bab22f50be87e0a9f	
UploadFiles/xwzx/2024/10/202410070857537625.png	UploadFiles/xwzx/2024/10/202410070857537625.png	1685961	0d97d4afa14004e34ae6224a818b8547b3f194001e9c7554797e6c939e6e9e18	0d97d4afa14004e34ae6224a818b8547b3f194001e9c7554797e6c939e6e9e18	
UploadFiles/xwzx/2024/10/202410070857542650.JPG	UploadFiles/xwzx/2024/10/202410070857542650.JPG	1227799	0df1d2c7195df8c1a716a00fb73ac9f4907a2a83e5ddfd1518384f054fc48364	0df1d2c7195df8c1a716a00fb73ac9f4907a2a83e5ddfd1518384f054fc48364	
UploadFiles/xwzx/2024/10/202410070857568159.jpg	UploadFiles/xwzx/2024/10/202410070857568159.jpg	4262881	dbcd90e9b50dfcaac21c6e69a2603426c386596305be608df3ea3873fe670d2d	dbcd90e9b50dfcaac21c6e69a2603426c386596305be608df3ea3873fe670d2d	
UploadFiles/xwzx/2024/10/202410070857570996.jpg	UploadFiles/xwzx/2024/10/202410070857570996.jpg	718474	2d373e29aa56ac38f7aa1347bd1424923331b1dfd061863f56f73949a7e9dcbb	2d373e29aa56ac38f7aa1347bd1424923331b1dfd061863f56f73949a7e9dcbb	
UploadFiles/xwzx/2024/10/202410070858034520.jpg	UploadFiles/xwzx/2024/10/202410070858034520.jpg	9668896	226f7ff266a56077bbc36bc7447dbd3754b9b4df9b63cb413676ea24e64696fe	226f7ff266a56077bbc36bc7447dbd3754b9b4df9b63cb413676ea24e64696fe	
UploadFiles/xwzx/2024/10/202410070858041180.png	UploadFiles/xwzx/2024/10/202410070858041180.png	2060093	7f7bc7f9b6910d4e62348ede28d4a70c1415a68fb4c3d99a020c4e21a6c2ae6e	7f7bc7f9b6910d4e62348ede28d4a70c1415a68fb4c3d99a020c4e21a6c2ae6e	
UploadFiles/xwzx/2024/10/202410070858094989.jpg	UploadFiles/xwzx/2024/10/202410070858094989.jpg	637166	0ed6e0d7f5493ec81d10bce75f4f859c3d2071f38dd1b3c84813de4eaf5ad7ca	0ed6e0d7f5493ec81d10bce75f4f859c3d2071f38dd1b3c84813de4eaf5ad7ca	
UploadFiles/xwzx/2024/10/202410070858147610.png	UploadFiles/xwzx/2024/10/202410070858147610.png	1201739	592e20851e6dcc7d6f419989c2dd8907214d04bd409a6cd6358c181488f78100	592e20851e6dcc7d6f419989c2dd8907214d04bd409a6cd6358c181488f78100	
UploadFiles/xwzx/2024/10/202410070858162220.jpg	UploadFiles/xwzx/2024/10/202410070858162220.jpg	262105	93e797a3b8eb761212dcdc642ef6ca6ed46fa57e0edd4f97712c2f0b61c591d1	93e797a3b8eb761212dcdc642ef6ca6ed46fa57e0edd4f97712c2f0b61c591d1	
UploadFiles/xwzx/2024/10/202410070858212902.jpg	UploadFiles/xwzx/2024/10/202410070858212902.jpg	706853	4f176a89cefe27243c15b4fd12ddef580d15fddbe45c091c55128177e174d0a7	4f176a89cefe27243c15b4fd12ddef580d15fddbe45c091c55128177e174d0a7	
UploadFiles/xwzx/2024/10/202410070858227330.png	UploadFiles/xwzx/2024/10/202410070858227330.png	240960	5c3f4e4dfe61f4a56389c4d06318c59d6ddcb145dc55b6a7ab39a29213f9f0ad	5c3f4e4dfe61f4a56389c4d06318c59d6ddcb145dc55b6a7ab39a29213f9f0ad	
UploadFiles/xwzx/2024/10/202410070858249372.jpg	UploadFiles/xwzx/2024/10/202410070858249372.jpg	314405	1f74ac8f1e3486daf27323f7bab37a348cf3305f7393b035ed895e79f53ff995	1f74ac8f1e3486daf27323f7bab37a348cf3305f7393b035ed895e79f53ff995	
UploadFiles/xwzx/2024/10/202410070858263965.jpg	UploadFiles/xwzx/2024/10/202410070858263965.jpg	639572	cce768fadb01a339a01ac09984c5a4d4ced1bf1c0b44fd883ad395f0de430840	cce768fadb01a339a01ac09984c5a4d4ced1bf1c0b44fd883ad395f0de430840	
UploadFiles/xwzx/2024/10/202410070858327345.jpg	UploadFiles/xwzx/2024/10/202410070858327345.jpg	9221540	20b778fdd7e207fc2898653d1e0d72b3e1e4a19205a8006e41ec2081e7d3c125	20b778fdd7e207fc2898653d1e0d72b3e1e4a19205a8006e41ec2081e7d3c125	
UploadFiles/xwzx/2024/10/202410070858397212.jpg	UploadFiles/xwzx/2024/10/202410070858397212.jpg	79494539	dc035bec8d3440496b7139da882f00dcfee0423c9dbf29323faf23259fb33c82	dc035bec8d3440496b7139da882f00dcfee0423c9dbf29323faf23259fb33c82	
UploadFiles/xwzx/2024/10/202410070900228521.JPG	UploadFiles/xwzx/2024/10/202410070900228521.JPG	6698564	3f458363fd08fa2e00322f74c36615b505f98812b3140221e0ae5a7a0135434b	3f458363fd08fa2e00322f74c36615b505f98812b3140221e0ae5a7a0135434b	
UploadFiles/xwzx/2024/10/202410070900269578.JPG	UploadFiles/xwzx/2024/10/202410070900269578.JPG	7594915	aa4bdf2cd66e77ccc7168ecf015a18c35b63c6ee4e7a2c6c3c96e59f7c21256a	aa4bdf2cd66e77ccc7168ecf015a18c35b63c6ee4e7a2c6c3c96e59f7c21256a	
UploadFiles/xwzx/2024/10/202410070900306935.JPG	UploadFiles/xwzx/2024/10/202410070900306935.JPG	7024137	bf8b2a235f5cbca89ac5813bc19f08b43b7531e5df8de9025dab583d2fb9cc46	bf8b2a235f5cbca89ac5813bc19f08b43b7531e5df8de9025dab583d2fb9cc46	
UploadFiles/xwzx/2024/10/202410070900345937.JPG	UploadFiles/xwzx/2024/10/202410070900345937.JPG	6994900	9127601ed96af3d20cc4ab3f100af622fe0be8b497342b307d62dd64e8a1c87d	9127601ed96af3d20cc4ab3f100af622fe0be8b497342b307d62dd64e8a1c87d	
UploadFiles/xwzx/2024/10/202410070900348800.JPG	UploadFiles/xwzx/2024/10/202410070900348800.JPG	1231723	19ee496ab9371579a2184a05321a33efc90fe08f6a898ad18a648117c22f11b7	19ee496ab9371579a2184a05321a33efc90fe08f6a898ad18a648117c22f11b7	
UploadFiles/xwzx/2024/10/202410070900381568.JPG	UploadFiles/xwzx/2024/10/202410070900381568.JPG	7546055	dd64feee88730adba242d5a4672e7b1b8f2a383da62d756332013794db290b0c	dd64feee88730adba242d5a4672e7b1b8f2a383da62d756332013794db290b0c	
UploadFiles/xwzx/2024/10/202410070900400629.JPG	UploadFiles/xwzx/2024/10/202410070900400629.JPG	6792322	5dd00a20e3bc3a350f2da8754f0067b4540e8647d4f08165e94d345fbc27de32	5dd00a20e3bc3a350f2da8754f0067b4540e8647d4f08165e94d345fbc27de32	
UploadFiles/xwzx/2024/10/202410070900417620.JPG	UploadFiles/xwzx/2024/10/202410070900417620.JPG	7504617	4dcb1d8b60d900be82c04b49fe85bc237769ab12c09b9302fd1f7c3d33e6a5c8	4dcb1d8b60d900be82c04b49fe85bc237769ab12c09b9302fd1f7c3d33e6a5c8	
UploadFiles/xwzx/2024/10/202410070901220204.jpg	UploadFiles/xwzx/2024/10/202410070901220204.jpg	87998	83cb90d3dd68e9f5bfe9e7c2e65e727797138d802cdfefe124df29b89d308de1	83cb90d3dd68e9f5bfe9e7c2e65e727797138d802cdfefe124df29b89d308de1	
UploadFiles/xwzx/2024/10/202410070901228741.jpg	UploadFiles/xwzx/2024/10/202410070901228741.jpg	220752	548224424c7ce98bf54984dbb88a5ea1952f5c2c061f11ea1760c4ddc53b748c	548224424c7ce98bf54984dbb88a5ea1952f5c2c061f11ea1760c4ddc53b748c	
UploadFiles/xwzx/2024/10/202410070901266954.JPG	UploadFiles/xwzx/2024/10/202410070901266954.JPG	7131557	6655db08c3c8df824b6f3484d0c71a33afeaab1f6a5ef9b5da0558b55bfa0b43	6655db08c3c8df824b6f3484d0c71a33afeaab1f6a5ef9b5da0558b55bfa0b43	
UploadFiles/xwzx/2024/10/202410070901276007.jpg	UploadFiles/xwzx/2024/10/202410070901276007.jpg	234029	1ca124c29511630d93dbb9b406ef3575635949fccfe1b1be4aa50e724097a040	1ca124c29511630d93dbb9b406ef3575635949fccfe1b1be4aa50e724097a040	
UploadFiles/xwzx/2024/10/202410070901300678.JPG	UploadFiles/xwzx/2024/10/202410070901300678.JPG	6168611	56b074c02269395dfe1fc6e98e54e0ec3710282686464e59565801d108684dc5	56b074c02269395dfe1fc6e98e54e0ec3710282686464e59565801d108684dc5	
UploadFiles/xwzx/2024/10/202410070901331002.JPG	UploadFiles/xwzx/2024/10/202410070901331002.JPG	5686611	f115752fc795caeceb849fea17b00890e2f012efaf89e8b461b35872f9485d42	f115752fc795caeceb849fea17b00890e2f012efaf89e8b461b35872f9485d42	
UploadFiles/xwzx/2024/10/202410070901369403.JPG	UploadFiles/xwzx/2024/10/202410070901369403.JPG	6257097	0b6daab5d0d6c00280fa3f6fb8708693dc39dc456ba8054c21650a7a98f55395	0b6daab5d0d6c00280fa3f6fb8708693dc39dc456ba8054c21650a7a98f55395	
UploadFiles/xwzx/2024/10/202410070901402700.JPG	UploadFiles/xwzx/2024/10/202410070901402700.JPG	6202067	59880971f922189abe99e88c06cc3492551299e826f2ed69bd495bc15a75780c	59880971f922189abe99e88c06cc3492551299e826f2ed69bd495bc15a75780c	
UploadFiles/xwzx/2024/10/202410070901435165.jpg	UploadFiles/xwzx/2024/10/202410070901435165.jpg	298738	74936bbaf79dbed7ccd3e00a033fc7d676164a935de1c2bf4c02a1a3a44ed224	74936bbaf79dbed7ccd3e00a033fc7d676164a935de1c2bf4c02a1a3a44ed224	
UploadFiles/xwzx/2024/10/202410070901436377.JPG	UploadFiles/xwzx/2024/10/202410070901436377.JPG	5480993	44dcd5c68305613427611e58a900d1c7d8ed7558d9ea5ab7246596d458e313af	44dcd5c68305613427611e58a900d1c7d8ed7558d9ea5ab7246596d458e313af	
UploadFiles/xwzx/2024/10/202410070901448532.JPG	UploadFiles/xwzx/2024/10/202410070901448532.JPG	6082978	448afb2520b9563665f3adfa604b6c23d7f91deb2677f09262613c49266cccbc	448afb2520b9563665f3adfa604b6c23d7f91deb2677f09262613c49266cccbc	
UploadFiles/xwzx/2024/10/202410070901450220.JPG	UploadFiles/xwzx/2024/10/202410070901450220.JPG	5951839	749a41bb62cb8676fd57f48418309b5dd51a5ca81f925b589342f35086e91c52	749a41bb62cb8676fd57f48418309b5dd51a5ca81f925b589342f35086e91c52	
UploadFiles/xwzx/2024/10/202410070905486226.JPG	UploadFiles/xwzx/2024/10/202410070905486226.JPG	3287948	e979435caf36806a84bff871592f462fbb41db41eb031149588ed1b573fa82d7	e979435caf36806a84bff871592f462fbb41db41eb031149588ed1b573fa82d7	
UploadFiles/xwzx/2024/10/202410070905501729.JPG	UploadFiles/xwzx/2024/10/202410070905501729.JPG	3286564	03b2cc24dd503f6361be1c7092cf6ff46fe246d3adf7bb0e9f100e82d7ec01e3	03b2cc24dd503f6361be1c7092cf6ff46fe246d3adf7bb0e9f100e82d7ec01e3	
UploadFiles/xwzx/2024/10/202410070905519572.JPG	UploadFiles/xwzx/2024/10/202410070905519572.JPG	1664409	1096a1032448b55c78f09d53522eaebb69fc234474d9a29bd96e53c021c6b644	1096a1032448b55c78f09d53522eaebb69fc234474d9a29bd96e53c021c6b644	
UploadFiles/xwzx/2024/10/202410070905523218.JPG	UploadFiles/xwzx/2024/10/202410070905523218.JPG	1672820	c7a906bc488e9db4cc3286649b33ad4b9cd44acb23af550f680a56b1ebe35ea4	c7a906bc488e9db4cc3286649b33ad4b9cd44acb23af550f680a56b1ebe35ea4	
UploadFiles/xwzx/2024/10/202410070905546817.JPG	UploadFiles/xwzx/2024/10/202410070905546817.JPG	3304825	bb943344eeffde975cf2cd7105af003f528bc89d7f1c9c7af14daf432f57d44b	bb943344eeffde975cf2cd7105af003f528bc89d7f1c9c7af14daf432f57d44b	
UploadFiles/xwzx/2024/10/202410070905549106.JPG	UploadFiles/xwzx/2024/10/202410070905549106.JPG	1974988	b14886f4c764261c0f0aadf6af5144241bb05dd42d8a52db79083f243e4107ed	b14886f4c764261c0f0aadf6af5144241bb05dd42d8a52db79083f243e4107ed	
UploadFiles/xwzx/2024/10/202410070905552076.JPG	UploadFiles/xwzx/2024/10/202410070905552076.JPG	2053031	4d0dabd80cbda8d8be561cd556ee04b897cbf4e2d892431c426ebd9bf05838a1	4d0dabd80cbda8d8be561cd556ee04b897cbf4e2d892431c426ebd9bf05838a1	
UploadFiles/xwzx/2024/10/202410070905567903.JPG	UploadFiles/xwzx/2024/10/202410070905567903.JPG	1703730	e575436802bfadb0eb99ce20c0f1393cc8c2ad631016ba2a7c5916bab1beba29	e575436802bfadb0eb99ce20c0f1393cc8c2ad631016ba2a7c5916bab1beba29	
UploadFiles/xwzx/2024/10/202410070905574902.JPG	UploadFiles/xwzx/2024/10/202410070905574902.JPG	1439335	d801bb356e26b22de5686fdf6d75127fc1189a4d56192b23e6037c85ab989e3a	d801bb356e26b22de5686fdf6d75127fc1189a4d56192b23e6037c85ab989e3a	
UploadFiles/xwzx/2024/10/202410070905583434.JPG	UploadFiles/xwzx/2024/10/202410070905583434.JPG	2783000	71afec41ef2eef9136abd09ce65b29a5cad868adb02d2704ddd76b2769b568c8	71afec41ef2eef9136abd09ce65b29a5cad868adb02d2704ddd76b2769b568c8	
UploadFiles/xwzx/2024/10/202410070905589041.JPG	UploadFiles/xwzx/2024/10/202410070905589041.JPG	3361131	dcb8954daf57052eb0dc51a573cbc1bc368e500404edba73932f4603340fae86	dcb8954daf57052eb0dc51a573cbc1bc368e500404edba73932f4603340fae86	
UploadFiles/xwzx/2024/10/202410070905595973.JPG	UploadFiles/xwzx/2024/10/202410070905595973.JPG	3663804	c70b739a3394bd15f37f173b000013c4a74fd09cc7ecb39e1edf36d6d56abbff	c70b739a3394bd15f37f173b000013c4a74fd09cc7ecb39e1edf36d6d56abbff	
UploadFiles/xwzx/2024/10/202410070908276417.jpg	UploadFiles/xwzx/2024/10/202410070908276417.jpg	191008	46ac82ef6a2cc3f26721cff3dc2d6c65bb356c1abf47075005e029d377deab2f	46ac82ef6a2cc3f26721cff3dc2d6c65bb356c1abf47075005e029d377deab2f	
UploadFiles/xwzx/2024/10/202410070908278224.jpg	UploadFiles/xwzx/2024/10/202410070908278224.jpg	609118	c3ce89800e981938fff746882ecbb7cdb6adfffea74fcd39b8295f7096db5680	c3ce89800e981938fff746882ecbb7cdb6adfffea74fcd39b8295f7096db5680	
UploadFiles/xwzx/2024/10/202410070908281304.jpg	UploadFiles/xwzx/2024/10/202410070908281304.jpg	393748	b03ffc0e220546fda8fe824064f893268707b3a46fabf8c5b618523b18a17452	b03ffc0e220546fda8fe824064f893268707b3a46fabf8c5b618523b18a17452	
UploadFiles/xwzx/2024/10/202410070908282301.png	UploadFiles/xwzx/2024/10/202410070908282301.png	3897	f5104b2c69e12409258ca47f9759bb117d0fee752a31c1478ba7f4667b3d0697	f5104b2c69e12409258ca47f9759bb117d0fee752a31c1478ba7f4667b3d0697	
UploadFiles/xwzx/2024/10/202410070908300113.jpg	UploadFiles/xwzx/2024/10/202410070908300113.jpg	3102528	236ee878344044aeaef07928e4839832b5186b24ddbfc58afa49fc5bcd7a9bc6	236ee878344044aeaef07928e4839832b5186b24ddbfc58afa49fc5bcd7a9bc6	
UploadFiles/xwzx/2024/10/202410070908302075.jpg	UploadFiles/xwzx/2024/10/202410070908302075.jpg	256481	02b3e849fe9b0a1d34ccc166ea73d01368de156e13c9c2dbc810bab20edd78a3	02b3e849fe9b0a1d34ccc166ea73d01368de156e13c9c2dbc810bab20edd78a3	
UploadFiles/xwzx/2024/10/202410070908309833.jpg	UploadFiles/xwzx/2024/10/202410070908309833.jpg	159900	925374cc73279578be0e4eca45e41b7424b2950f299fe24ce44b769eb527d4e0	925374cc73279578be0e4eca45e41b7424b2950f299fe24ce44b769eb527d4e0	
UploadFiles/xwzx/2024/10/202410070908333411.jpg	UploadFiles/xwzx/2024/10/202410070908333411.jpg	5790678	8ce3443f83ce56b3d9293420c36a1399a365d0b7b9766ff750ffadfbeed01393	8ce3443f83ce56b3d9293420c36a1399a365d0b7b9766ff750ffadfbeed01393	
UploadFiles/xwzx/2024/10/202410070908334540.png	UploadFiles/xwzx/2024/10/202410070908334540.png	3886	da12c6271aa64f8bd85c5df8bfa556454a3ca4cf829c2b3af4db2525e1fcf4f0	da12c6271aa64f8bd85c5df8bfa556454a3ca4cf829c2b3af4db2525e1fcf4f0	
UploadFiles/xwzx/2024/10/202410070908336522.jpg	UploadFiles/xwzx/2024/10/202410070908336522.jpg	187498	25460c5c46b69ff13d29534884f61d75e0cd6ac395c14ecfc9db17e799862920	25460c5c46b69ff13d29534884f61d75e0cd6ac395c14ecfc9db17e799862920	
UploadFiles/xwzx/2024/10/202410070908358601.jpg	UploadFiles/xwzx/2024/10/202410070908358601.jpg	2842154	9b9672ddf35ea1efb26941a4be0f3dd26697a4cb1b9690f2a52d1ca092d3e7b6	9b9672ddf35ea1efb26941a4be0f3dd26697a4cb1b9690f2a52d1ca092d3e7b6	
UploadFiles/xwzx/2024/10/202410070908396119.jpg	UploadFiles/xwzx/2024/10/202410070908396119.jpg	5933856	8919e1bdbbd0b1614f995773d0bc5ea0bd074d1e72c9d7dc3449a635929be1bb	8919e1bdbbd0b1614f995773d0bc5ea0bd074d1e72c9d7dc3449a635929be1bb	
UploadFiles/xwzx/2024/10/202410070908403866.jpg	UploadFiles/xwzx/2024/10/202410070908403866.jpg	11945296	5a1820d7106a4dd9a88d8e24028ea80548cbbb3e8516019f91e611e213f75389	5a1820d7106a4dd9a88d8e24028ea80548cbbb3e8516019f91e611e213f75389	
UploadFiles/xwzx/2024/10/202410070911352620.jpg	UploadFiles/xwzx/2024/10/202410070911352620.jpg	241958	32130348c4bd1b0c7f6657bd3e472864d03a904e7acb791b27f3e9fc1738608e	32130348c4bd1b0c7f6657bd3e472864d03a904e7acb791b27f3e9fc1738608e	
UploadFiles/xwzx/2024/10/202410070911356538.jpg	UploadFiles/xwzx/2024/10/202410070911356538.jpg	590946	99312636af619b7be131df8ffa537c99e2303b14b45949a627824fd24bdf1cbf	99312636af619b7be131df8ffa537c99e2303b14b45949a627824fd24bdf1cbf	
UploadFiles/xwzx/2024/10/202410070911359826.jpg	UploadFiles/xwzx/2024/10/202410070911359826.jpg	235226	44fe31cf2987755c6f98580954c5b669c26d128f63719fa116928e51f0600fa1	44fe31cf2987755c6f98580954c5b669c26d128f63719fa116928e51f0600fa1	
UploadFiles/xwzx/2024/10/202410070911362966.jpg	UploadFiles/xwzx/2024/10/202410070911362966.jpg	302187	7b415e1aa2712bdc97432460df5ac76e8240fa523eb29dfcdc23e19f7415645f	7b415e1aa2712bdc97432460df5ac76e8240fa523eb29dfcdc23e19f7415645f	
UploadFiles/xwzx/2024/10/202410070911369075.JPG	UploadFiles/xwzx/2024/10/202410070911369075.JPG	250467	a722784c2b9126267c1e3a563149a255af3846e363a271f55f1c7a7dbee1324c	a722784c2b9126267c1e3a563149a255af3846e363a271f55f1c7a7dbee1324c	
UploadFiles/xwzx/2024/10/202410070911369853.JPG	UploadFiles/xwzx/2024/10/202410070911369853.JPG	244174	319aa8faad8f8401f353e950525fd34cf4bd4b1b68401a0a42c1dc6d69dbb04e	319aa8faad8f8401f353e950525fd34cf4bd4b1b68401a0a42c1dc6d69dbb04e	
UploadFiles/xwzx/2024/10/202410070938449723.png	UploadFiles/xwzx/2024/10/202410070938449723.png	39749	3ee0a8021a1aaf52bac38ee2b613c3e0d4fc7e2d67ed0d773d6e1b40dcedabb7	3ee0a8021a1aaf52bac38ee2b613c3e0d4fc7e2d67ed0d773d6e1b40dcedabb7	
UploadFiles/xwzx/2024/10/202410071049070825.png	UploadFiles/xwzx/2024/10/202410071049070825.png	98030	1b657b0a6b3c86fa19f77bc89e8b6fe4c0ef0fdd7035c0baa80777f0c678092b	1b657b0a6b3c86fa19f77bc89e8b6fe4c0ef0fdd7035c0baa80777f0c678092b	
UploadFiles/xwzx/2024/10/202410081437401712.png	UploadFiles/xwzx/2024/10/202410081437401712.png	98722	d42ce6396478fbb1225fca7651ee25a9066d9e0e1edb8c8e8e7bce0ddf49b29a	d42ce6396478fbb1225fca7651ee25a9066d9e0e1edb8c8e8e7bce0ddf49b29a	
UploadFiles/xwzx/2024/10/202410100819470846.png	UploadFiles/xwzx/2024/10/202410100819470846.png	60169	a65d9cc46df53a6635b46a9eef6698e4252c61a9a2ddd9c712852d82d2fc95d3	a65d9cc46df53a6635b46a9eef6698e4252c61a9a2ddd9c712852d82d2fc95d3	
UploadFiles/xwzx/2024/10/202410120724074130.jpg	UploadFiles/xwzx/2024/10/202410120724074130.jpg	3414616	824d717c8456922e1e4695583c2fcbd9c07ed3636daaf7937b8c9b966bcd8116	824d717c8456922e1e4695583c2fcbd9c07ed3636daaf7937b8c9b966bcd8116	
UploadFiles/xwzx/2024/10/202410120929461088.png	UploadFiles/xwzx/2024/10/202410120929461088.png	67291	42e0d74665e1bd8f884a2ec66a8762d299395efd094e31914f0d40e18c24390e	42e0d74665e1bd8f884a2ec66a8762d299395efd094e31914f0d40e18c24390e	
UploadFiles/xwzx/2024/10/202410120929464741.png	UploadFiles/xwzx/2024/10/202410120929464741.png	83924	3a10ef290d94897d6b7080b2d3ac1cb5266b8c196be8ef8d131a990ab8bd917d	3a10ef290d94897d6b7080b2d3ac1cb5266b8c196be8ef8d131a990ab8bd917d	
UploadFiles/xwzx/2024/10/202410140827250535.JPG	UploadFiles/xwzx/2024/10/202410140827250535.JPG	3195780	388274ac1d8493f7362358ae801cc39bd8a741c2487fcdacd6be2a8df71e1884	388274ac1d8493f7362358ae801cc39bd8a741c2487fcdacd6be2a8df71e1884	
UploadFiles/xwzx/2024/10/202410140827267505.JPG	UploadFiles/xwzx/2024/10/202410140827267505.JPG	3108231	00bc71ea702c681fdd6fddc9932a1098c65546e8fe030c02a449e42f16abc3c9	00bc71ea702c681fdd6fddc9932a1098c65546e8fe030c02a449e42f16abc3c9	
UploadFiles/xwzx/2024/10/202410140827416319.jpg	UploadFiles/xwzx/2024/10/202410140827416319.jpg	2930480	5f4bb7ed545e56ff9d9e373d4b84d61fbe2522d3764ec7e358790a47323eb4d6	5f4bb7ed545e56ff9d9e373d4b84d61fbe2522d3764ec7e358790a47323eb4d6	
UploadFiles/xwzx/2024/10/202410140827419040.jpg	UploadFiles/xwzx/2024/10/202410140827419040.jpg	2181352	0cf9b90bb382e350875324cd968f6c302ea5bd9831d92556667656f517241528	0cf9b90bb382e350875324cd968f6c302ea5bd9831d92556667656f517241528	
UploadFiles/xwzx/2024/10/202410140827553396.jpg	UploadFiles/xwzx/2024/10/202410140827553396.jpg	901777	efcf2cddf137199a3a1ddff4eebaf28752dcb8c1c78fd1c3517706bec1108e87	efcf2cddf137199a3a1ddff4eebaf28752dcb8c1c78fd1c3517706bec1108e87	
UploadFiles/xwzx/2024/10/202410140828066283.jpg	UploadFiles/xwzx/2024/10/202410140828066283.jpg	835522	548cc86217c082e08b8adf49098e4c155a772915f2793d24f4553c4023fcf3ac	548cc86217c082e08b8adf49098e4c155a772915f2793d24f4553c4023fcf3ac	
UploadFiles/xwzx/2024/10/202410140828376044.jpg	UploadFiles/xwzx/2024/10/202410140828376044.jpg	4095191	a1ad6879dab5d53d57f00738510a29ff4d63dc4461bc2ef5d35163eab7f8222e	a1ad6879dab5d53d57f00738510a29ff4d63dc4461bc2ef5d35163eab7f8222e	
UploadFiles/xwzx/2024/10/202410140828381067.jpg	UploadFiles/xwzx/2024/10/202410140828381067.jpg	3541685	eeaa5f8570cb2b41ba386acff5d01e2503554be89156583945215cb3a67d8abf	eeaa5f8570cb2b41ba386acff5d01e2503554be89156583945215cb3a67d8abf	
UploadFiles/xwzx/2024/10/202410140828381486.jpg	UploadFiles/xwzx/2024/10/202410140828381486.jpg	3741665	eefa39bb69de0ee3c356309cba1aff1ce0e12b2a25615ee07c4a711aea574249	eefa39bb69de0ee3c356309cba1aff1ce0e12b2a25615ee07c4a711aea574249	
UploadFiles/xwzx/2024/10/202410140828391793.jpg	UploadFiles/xwzx/2024/10/202410140828391793.jpg	5548811	2c48980513b9e748d48738a86ae81662e09e5f89d1013430c4f6868a216c51de	2c48980513b9e748d48738a86ae81662e09e5f89d1013430c4f6868a216c51de	
UploadFiles/xwzx/2024/10/202410140828393989.jpg	UploadFiles/xwzx/2024/10/202410140828393989.jpg	3537428	cc535c390fcab4c9d30b9020d504d56b600e95c121ee44ad251341309ae78005	cc535c390fcab4c9d30b9020d504d56b600e95c121ee44ad251341309ae78005	
UploadFiles/xwzx/2024/10/202410140828405823.jpg	UploadFiles/xwzx/2024/10/202410140828405823.jpg	3832105	ce6d9dfb0021dee811185b3692124bfafcc7f6aaf92c456810c308474dcb6004	ce6d9dfb0021dee811185b3692124bfafcc7f6aaf92c456810c308474dcb6004	
UploadFiles/xwzx/2024/10/202410140829014247.jpg	UploadFiles/xwzx/2024/10/202410140829014247.jpg	5279319	f9500e290e5564451694960bff6ba398d2bda11af13369fa9def69041aa94a0d	f9500e290e5564451694960bff6ba398d2bda11af13369fa9def69041aa94a0d	
UploadFiles/xwzx/2024/10/202410140829015678.jpg	UploadFiles/xwzx/2024/10/202410140829015678.jpg	3229000	ed24caf06a84bfaa3bd53188550cf868c6e4cf74cd21e652201826eb83657517	ed24caf06a84bfaa3bd53188550cf868c6e4cf74cd21e652201826eb83657517	
UploadFiles/xwzx/2024/10/202410140829016996.jpg	UploadFiles/xwzx/2024/10/202410140829016996.jpg	6136526	55c78baeb526ee59521ae2d09e2e0c2342b477fa1923cc3a2dd1ff34c629d7eb	55c78baeb526ee59521ae2d09e2e0c2342b477fa1923cc3a2dd1ff34c629d7eb	
UploadFiles/xwzx/2024/10/202410140831160541.jpg	UploadFiles/xwzx/2024/10/202410140831160541.jpg	2254887	7f56adf352602b3e2583fb843baee645da3d3c192f69ef76d25f1e511546976f	7f56adf352602b3e2583fb843baee645da3d3c192f69ef76d25f1e511546976f	
UploadFiles/xwzx/2024/10/202410140831165579.jpg	UploadFiles/xwzx/2024/10/202410140831165579.jpg	2230139	e89d9db20a0449d28286fcc98105c90f013905f831a64108a5ee80ae6774e9f6	e89d9db20a0449d28286fcc98105c90f013905f831a64108a5ee80ae6774e9f6	
UploadFiles/xwzx/2024/10/202410140831183695.JPG	UploadFiles/xwzx/2024/10/202410140831183695.JPG	17913832	a7b21c55bc0c146981d5dd051ec6529d9548f952a8fed1351e1119937f699dd6	a7b21c55bc0c146981d5dd051ec6529d9548f952a8fed1351e1119937f699dd6	
UploadFiles/xwzx/2024/10/202410141422584912.png	UploadFiles/xwzx/2024/10/202410141422584912.png	79865	6ce1e82aed9311f74d450574b67e6330492d94fc5ea908f6d25ad68657cd42be	6ce1e82aed9311f74d450574b67e6330492d94fc5ea908f6d25ad68657cd42be	
UploadFiles/xwzx/2024/10/202410141425295997.png	UploadFiles/xwzx/2024/10/202410141425295997.png	4404	61bf60a13bded228ba9dc4093c09bd537618bd839b8eec347c7fceefda123031	61bf60a13bded228ba9dc4093c09bd537618bd839b8eec347c7fceefda123031	
UploadFiles/xwzx/2024/10/202410141425492612.png	UploadFiles/xwzx/2024/10/202410141425492612.png	5029	712494eac66f03d08a4739481766bd0116a540546f643ec869496df3375861ad	712494eac66f03d08a4739481766bd0116a540546f643ec869496df3375861ad	
UploadFiles/xwzx/2024/10/202410141427247869.png	UploadFiles/xwzx/2024/10/202410141427247869.png	5045	16d983204a00c767e5f6d5b1dde716b47414490ffeb1a71c36a2e7d2961d19bf	16d983204a00c767e5f6d5b1dde716b47414490ffeb1a71c36a2e7d2961d19bf	
UploadFiles/xwzx/2024/10/202410141443305375.png	UploadFiles/xwzx/2024/10/202410141443305375.png	101655	0b6f3a8f3b4023eafad713639314d5a61dc410fbb23827bce719fcebdf9e5268	0b6f3a8f3b4023eafad713639314d5a61dc410fbb23827bce719fcebdf9e5268	
UploadFiles/xwzx/2024/10/202410141443583935.png	UploadFiles/xwzx/2024/10/202410141443583935.png	102657	eaba431967b1893dd2e661efb59b52fd8285e9f3f2a7b9e1fb9fbf9c126a66e6	eaba431967b1893dd2e661efb59b52fd8285e9f3f2a7b9e1fb9fbf9c126a66e6	
UploadFiles/xwzx/2024/10/202410150902107483.png	UploadFiles/xwzx/2024/10/202410150902107483.png	99964	3934e686a475950d7fe96dc2545460818e199bc24b4e1b3fc1e57a0835e307f6	3934e686a475950d7fe96dc2545460818e199bc24b4e1b3fc1e57a0835e307f6	
UploadFiles/xwzx/2024/10/202410150903174184.png	UploadFiles/xwzx/2024/10/202410150903174184.png	98993	74d9eefe142db597e6dfa14f11bc518d69cd8366453eddbdb3d5b56673c6ec1d	74d9eefe142db597e6dfa14f11bc518d69cd8366453eddbdb3d5b56673c6ec1d	
UploadFiles/xwzx/2024/10/202410150906114083.png	UploadFiles/xwzx/2024/10/202410150906114083.png	98984	ab145b68ede8b3614b7878e20e77cb51f4cc27d02020e7971772b7f242b0b98d	ab145b68ede8b3614b7878e20e77cb51f4cc27d02020e7971772b7f242b0b98d	
UploadFiles/xwzx/2024/10/202410151042547164.png	UploadFiles/xwzx/2024/10/202410151042547164.png	101256	75c1608d88ce2c2993ce5b0e47d87ba9cff22cc808423f948ece4f85a3e60924	75c1608d88ce2c2993ce5b0e47d87ba9cff22cc808423f948ece4f85a3e60924	
UploadFiles/xwzx/2024/10/202410151059502920.JPG	UploadFiles/xwzx/2024/10/202410151059502920.JPG	118334	017afe4bc635ed7d96369b96503829f38e5917a265c6a645c0aecf81913f4ee5	017afe4bc635ed7d96369b96503829f38e5917a265c6a645c0aecf81913f4ee5	
UploadFiles/xwzx/2024/10/202410160851242042.PNG	UploadFiles/xwzx/2024/10/202410160851242042.PNG	118781	a5c8fa0991da90ca993601f6388ce393d00ef2a797cc63f644ca466d1788e848	a5c8fa0991da90ca993601f6388ce393d00ef2a797cc63f644ca466d1788e848	
UploadFiles/xwzx/2024/10/202410160851244929.PNG	UploadFiles/xwzx/2024/10/202410160851244929.PNG	337768	a8a09180b5d7a28106f2f8d6d6f4965e979fb7c835a3466b65b01ff8092d6c0e	a8a09180b5d7a28106f2f8d6d6f4965e979fb7c835a3466b65b01ff8092d6c0e	
UploadFiles/xwzx/2024/10/202410160950442102.png	UploadFiles/xwzx/2024/10/202410160950442102.png	100870	f8574af4c129ae07d57b0511b5c8d61b7e3d1e1e12c82997fa06550b04fe6843	f8574af4c129ae07d57b0511b5c8d61b7e3d1e1e12c82997fa06550b04fe6843	
UploadFiles/xwzx/2024/10/202410161506424923.gif	UploadFiles/xwzx/2024/10/202410161506424923.gif	1012	62c86a7776611273707faece405890b74a8c521b17a73e339875d8aa4f9ca361	62c86a7776611273707faece405890b74a8c521b17a73e339875d8aa4f9ca361	
UploadFiles/xwzx/2024/10/202410181017326305.png	UploadFiles/xwzx/2024/10/202410181017326305.png	103657	40c48bfa9cbc4360e52ba48bdda4a307a0b85209c51b980a4c515e28e25ccf01	40c48bfa9cbc4360e52ba48bdda4a307a0b85209c51b980a4c515e28e25ccf01	
UploadFiles/xwzx/2024/10/202410181550049608.png	UploadFiles/xwzx/2024/10/202410181550049608.png	99254	dc7db14e9b75daf927cdeb344da32f6c984e4f46256cf2858275b5b22245083a	dc7db14e9b75daf927cdeb344da32f6c984e4f46256cf2858275b5b22245083a	
UploadFiles/xwzx/2024/10/202410210755285035.PNG	UploadFiles/xwzx/2024/10/202410210755285035.PNG	38814	c74fa294e57ede7beac4de9a00eed14c4797481dc1a95eb74ec7494310e7b1cd	c74fa294e57ede7beac4de9a00eed14c4797481dc1a95eb74ec7494310e7b1cd	
UploadFiles/xwzx/2024/10/202410210756012137.PNG	UploadFiles/xwzx/2024/10/202410210756012137.PNG	45313	02b421382cf431376693d113c3e17fe8139dfd71b90c885a52855bf7d8eebcb6	02b421382cf431376693d113c3e17fe8139dfd71b90c885a52855bf7d8eebcb6	
UploadFiles/xwzx/2024/10/202410210855437614.png	UploadFiles/xwzx/2024/10/202410210855437614.png	6680	39a1fad70872401f44e1a4cf6a1bdd02e3237238443af5aa924df81d96e3f024	39a1fad70872401f44e1a4cf6a1bdd02e3237238443af5aa924df81d96e3f024	
UploadFiles/xwzx/2024/10/202410211040160276.png	UploadFiles/xwzx/2024/10/202410211040160276.png	98927	0bcd834fd86d1807f616c527b2aeef1a0fb5946772ea4f6d364ec7a6a83a6910	0bcd834fd86d1807f616c527b2aeef1a0fb5946772ea4f6d364ec7a6a83a6910	
UploadFiles/xwzx/2024/10/202410211140020969.jpg	UploadFiles/xwzx/2024/10/202410211140020969.jpg	1831520	1b4a93d16b4f82fa0081fd5c657c4714f082b2d4ddae18b4e51918a37e6b33ff	1b4a93d16b4f82fa0081fd5c657c4714f082b2d4ddae18b4e51918a37e6b33ff	
UploadFiles/xwzx/2024/10/202410211636278705.png	UploadFiles/xwzx/2024/10/202410211636278705.png	100023	6d5657e0e7339f1c1105d9d34d321cde5b42811007d808a20c4e7800e53ad92f	6d5657e0e7339f1c1105d9d34d321cde5b42811007d808a20c4e7800e53ad92f	
UploadFiles/xwzx/2024/10/202410211638348788.png	UploadFiles/xwzx/2024/10/202410211638348788.png	97516	3ea96597b3e8906aa29b73145ec6f5f27082347ba057e9c28b6df0c0971f3ab1	3ea96597b3e8906aa29b73145ec6f5f27082347ba057e9c28b6df0c0971f3ab1	
UploadFiles/xwzx/2024/10/202410220815296049.png	UploadFiles/xwzx/2024/10/202410220815296049.png	66989	846671fc570b67c2f1dd0d94ec9c3eeb30cf5bdb46cdfbde56ee97c1aa5e193f	846671fc570b67c2f1dd0d94ec9c3eeb30cf5bdb46cdfbde56ee97c1aa5e193f	
UploadFiles/xwzx/2024/10/202410221640005881.png	UploadFiles/xwzx/2024/10/202410221640005881.png	97936	34fee1b0b43f38d8c50a4cf8ca1f7ada702d94b6ffa74952f1c14d916cde6ae9	34fee1b0b43f38d8c50a4cf8ca1f7ada702d94b6ffa74952f1c14d916cde6ae9	
UploadFiles/xwzx/2024/10/202410231638413644.png	UploadFiles/xwzx/2024/10/202410231638413644.png	98915	5f30593c9519bdaf7244dc4243847440da1c8708e5dfeeb2228323894cc39576	5f30593c9519bdaf7244dc4243847440da1c8708e5dfeeb2228323894cc39576	
UploadFiles/xwzx/2024/10/202410251017078006.jpg	UploadFiles/xwzx/2024/10/202410251017078006.jpg	45916	991ee765a239f029750890af734f2ced16b6f71c6c42fe8cd0420498f4361461	991ee765a239f029750890af734f2ced16b6f71c6c42fe8cd0420498f4361461	
UploadFiles/xwzx/2024/10/202410251429415479.png	UploadFiles/xwzx/2024/10/202410251429415479.png	100163	ecb5475cfa131a8a43d29d134cfa53a718131a4b2bbb1cc651f9639e0ceff007	ecb5475cfa131a8a43d29d134cfa53a718131a4b2bbb1cc651f9639e0ceff007	
UploadFiles/xwzx/2024/10/202410251440387171.png	UploadFiles/xwzx/2024/10/202410251440387171.png	96811	d5308ab4f3260ef2a8d2f6ba56b73c35f171e212c4c1dce5b4e59013cef4a091	d5308ab4f3260ef2a8d2f6ba56b73c35f171e212c4c1dce5b4e59013cef4a091	
UploadFiles/xwzx/2024/10/202410251440397165.png	UploadFiles/xwzx/2024/10/202410251440397165.png	76737	9c647b5fa05523ede2ca017317e7c09545b57a0b64a11ec297fd8f504cd4d8fd	9c647b5fa05523ede2ca017317e7c09545b57a0b64a11ec297fd8f504cd4d8fd	
UploadFiles/xwzx/2024/10/202410280946341674.png	UploadFiles/xwzx/2024/10/202410280946341674.png	98332	1af1ce4bf9f0db91cf68bb723e9120d23f940b20b18b355d30658183bb1d2860	1af1ce4bf9f0db91cf68bb723e9120d23f940b20b18b355d30658183bb1d2860	
UploadFiles/xwzx/2024/10/202410281414420051.png	UploadFiles/xwzx/2024/10/202410281414420051.png	9438	29e5cb291778d1647db07dbff2ce0a7951e4df32472c7ec51d38ac6017d0c2d0	29e5cb291778d1647db07dbff2ce0a7951e4df32472c7ec51d38ac6017d0c2d0	
UploadFiles/xwzx/2024/10/202410281415427913.png	UploadFiles/xwzx/2024/10/202410281415427913.png	97804	6aa2965829e123f0b03d0e4d17a19e03c4d35ad9255b0116beac73359ccd7d6c	6aa2965829e123f0b03d0e4d17a19e03c4d35ad9255b0116beac73359ccd7d6c	
UploadFiles/xwzx/2024/10/202410281614253547.png	UploadFiles/xwzx/2024/10/202410281614253547.png	98545	e04e86150a090bf8eebfe316a2e3232a8c8f54d66ae9db8f5e467e5f84878246	e04e86150a090bf8eebfe316a2e3232a8c8f54d66ae9db8f5e467e5f84878246	
UploadFiles/xwzx/2024/10/202410291043037038.JPG	UploadFiles/xwzx/2024/10/202410291043037038.JPG	4730203	85b09f23888803f54cc793a82ee17583f69767b77e523225315959e00664e5d1	85b09f23888803f54cc793a82ee17583f69767b77e523225315959e00664e5d1	
UploadFiles/xwzx/2024/10/202410291043158721.JPG	UploadFiles/xwzx/2024/10/202410291043158721.JPG	16989447	a807e934f4fe644e38a59cf563c25f90263aa3dc6513c67e0cf2add1e439b29b	a807e934f4fe644e38a59cf563c25f90263aa3dc6513c67e0cf2add1e439b29b	
UploadFiles/xwzx/2024/10/202410291043160415.JPG	UploadFiles/xwzx/2024/10/202410291043160415.JPG	15269632	140793e3e091538e1511ebb00abf3c842d40f879a37fe2f382d360c5c13e1ef0	140793e3e091538e1511ebb00abf3c842d40f879a37fe2f382d360c5c13e1ef0	
UploadFiles/xwzx/2024/10/202410291043248348.JPG	UploadFiles/xwzx/2024/10/202410291043248348.JPG	14558026	bb728ae2151fa56a8d447a741b9af72754d960996b4f0e6ab4121634ed348d8a	bb728ae2151fa56a8d447a741b9af72754d960996b4f0e6ab4121634ed348d8a	
UploadFiles/xwzx/2024/10/202410291043318330.JPG	UploadFiles/xwzx/2024/10/202410291043318330.JPG	15780649	121be9ae445af4060b498f41ea02a4dc02c700fc0627acceefd4db7b06359e5c	121be9ae445af4060b498f41ea02a4dc02c700fc0627acceefd4db7b06359e5c	
UploadFiles/xwzx/2024/10/202410291043386948.jpg	UploadFiles/xwzx/2024/10/202410291043386948.jpg	13946490	0cf5f31764b60d64ee89e95be1fbe97c0379db5b4c11fcd7ad0b3d28756a8907	0cf5f31764b60d64ee89e95be1fbe97c0379db5b4c11fcd7ad0b3d28756a8907	
UploadFiles/xwzx/2024/10/202410291043419230.JPG	UploadFiles/xwzx/2024/10/202410291043419230.JPG	15530057	e8bfa53159440488101a5e3bc07453b6676bf96a19f66d9b4802170efa2e6760	e8bfa53159440488101a5e3bc07453b6676bf96a19f66d9b4802170efa2e6760	
UploadFiles/xwzx/2024/10/202410291043432111.JPG	UploadFiles/xwzx/2024/10/202410291043432111.JPG	11784433	dd3e025f474e014b0b899587df925847827b7c3871799cc4e4ab0a59692ba03f	dd3e025f474e014b0b899587df925847827b7c3871799cc4e4ab0a59692ba03f	
UploadFiles/xwzx/2024/10/202410291043489710.JPG	UploadFiles/xwzx/2024/10/202410291043489710.JPG	15539617	95d464bcbba26f914db0d5424056fa565137189c20e51ac5006c86a37f1d5adf	95d464bcbba26f914db0d5424056fa565137189c20e51ac5006c86a37f1d5adf	
UploadFiles/xwzx/2024/10/202410291043499797.JPG	UploadFiles/xwzx/2024/10/202410291043499797.JPG	13055656	57dbfa6210d1bb23dd693955e95172cbdd363491c42647489fd526968193b150	57dbfa6210d1bb23dd693955e95172cbdd363491c42647489fd526968193b150	
UploadFiles/xwzx/2024/10/202410291521032216.png	UploadFiles/xwzx/2024/10/202410291521032216.png	71958	393c395c1bee643813a3762833966d656b440391ccc6bdc2090efbb05b3822af	393c395c1bee643813a3762833966d656b440391ccc6bdc2090efbb05b3822af	
UploadFiles/xwzx/2024/10/202410301630312169.png	UploadFiles/xwzx/2024/10/202410301630312169.png	71499	d4a2376a72057b12c8476c3400e71eceba90b03ba36d8eb514458425184a1688	d4a2376a72057b12c8476c3400e71eceba90b03ba36d8eb514458425184a1688	
UploadFiles/xwzx/2024/10/202410310829071420.PNG	UploadFiles/xwzx/2024/10/202410310829071420.PNG	291321	d7e894b478da68009eb1afc8bedef781983fce12c8d336e25a749f9234c3ca39	d7e894b478da68009eb1afc8bedef781983fce12c8d336e25a749f9234c3ca39	
UploadFiles/xwzx/2024/10/202410310829072391.PNG	UploadFiles/xwzx/2024/10/202410310829072391.PNG	333749	2c085f028d1ef655d23738b27b8e5d7e08a87a42e5074aa3626ba9209e07073e	2c085f028d1ef655d23738b27b8e5d7e08a87a42e5074aa3626ba9209e07073e	
UploadFiles/xwzx/2024/11/202411011502350641.png	UploadFiles/xwzx/2024/11/202411011502350641.png	4730	c7057f33c951c2191e005bef9e02f39a2310cf4641c975886eda3690ecc9ce6d	c7057f33c951c2191e005bef9e02f39a2310cf4641c975886eda3690ecc9ce6d	
UploadFiles/xwzx/2024/11/202411011510048101.png	UploadFiles/xwzx/2024/11/202411011510048101.png	11545	ec7ffb537c295cd8645e211b13b136e031338a74fd6a5abf84c2e15c3e0154d4	ec7ffb537c295cd8645e211b13b136e031338a74fd6a5abf84c2e15c3e0154d4	
UploadFiles/xwzx/2024/11/202411041050548901.jpg	UploadFiles/xwzx/2024/11/202411041050548901.jpg	2128261	15f5983b955b324b7eb83f72ad47dd0e3ecf4b62a9e048c3784cedd42eb524b3	15f5983b955b324b7eb83f72ad47dd0e3ecf4b62a9e048c3784cedd42eb524b3	
UploadFiles/xwzx/2024/11/202411041050556408.jpg	UploadFiles/xwzx/2024/11/202411041050556408.jpg	11736800	784ca17d066c1cdec44a78921918e6abcb7ed5178ef65d2d476ff1ab7e5d3e58	784ca17d066c1cdec44a78921918e6abcb7ed5178ef65d2d476ff1ab7e5d3e58	
UploadFiles/xwzx/2024/11/202411041513184548.png	UploadFiles/xwzx/2024/11/202411041513184548.png	99056	1bc1d75ac7a35f188e922aba7204300c241c277521aa6ae4e9a2994bf0277663	1bc1d75ac7a35f188e922aba7204300c241c277521aa6ae4e9a2994bf0277663	
UploadFiles/xwzx/2024/11/202411041513484653.png	UploadFiles/xwzx/2024/11/202411041513484653.png	104118	707f46bb6dab4b552db9b39fae57a3d782544b7d487c30ecf305f2d668478c36	707f46bb6dab4b552db9b39fae57a3d782544b7d487c30ecf305f2d668478c36	
UploadFiles/xwzx/2024/11/202411041514141735.png	UploadFiles/xwzx/2024/11/202411041514141735.png	104726	85c0a114e5de768d5d1c08bb9de5954231bba50cda9e35b8a02a802b0b0a7ac6	85c0a114e5de768d5d1c08bb9de5954231bba50cda9e35b8a02a802b0b0a7ac6	
UploadFiles/xwzx/2024/11/202411041514347675.png	UploadFiles/xwzx/2024/11/202411041514347675.png	99606	d65e217d03efff4ea0daab4ee4852e51b57b29702e845a58ace964a2813b77dc	d65e217d03efff4ea0daab4ee4852e51b57b29702e845a58ace964a2813b77dc	
UploadFiles/xwzx/2024/11/202411041514567521.png	UploadFiles/xwzx/2024/11/202411041514567521.png	101896	7b1e3fa7a062c51dd4319a526eff59461c32497bf15e5ec15dce0b8b6015ca7b	7b1e3fa7a062c51dd4319a526eff59461c32497bf15e5ec15dce0b8b6015ca7b	
UploadFiles/xwzx/2024/11/202411041515153870.png	UploadFiles/xwzx/2024/11/202411041515153870.png	98731	319e27b8ae8febc7c9748a2973423586c56274f4e8f38b5b52601a88da74fc9f	319e27b8ae8febc7c9748a2973423586c56274f4e8f38b5b52601a88da74fc9f	
UploadFiles/xwzx/2024/11/202411050827490335.jpg	UploadFiles/xwzx/2024/11/202411050827490335.jpg	5836567	8e72510d9f5b42e430ee9c0799f66b6da6c26d6998d531a05ed5d21ceb1da8cc	8e72510d9f5b42e430ee9c0799f66b6da6c26d6998d531a05ed5d21ceb1da8cc	
UploadFiles/xwzx/2024/11/202411050827499409.jpg	UploadFiles/xwzx/2024/11/202411050827499409.jpg	5886796	8cc76b8a25d7a982af07e58e2d06357f517c21e3b45c4e7b0e89e831bee5bc6b	8cc76b8a25d7a982af07e58e2d06357f517c21e3b45c4e7b0e89e831bee5bc6b	
UploadFiles/xwzx/2024/11/202411050827512271.jpg	UploadFiles/xwzx/2024/11/202411050827512271.jpg	5580401	7ac2f35e4058611efc66d0507abadb0068098a9bf32f7425fa4f2e1368f1ab86	7ac2f35e4058611efc66d0507abadb0068098a9bf32f7425fa4f2e1368f1ab86	
UploadFiles/xwzx/2024/11/202411050827516269.jpg	UploadFiles/xwzx/2024/11/202411050827516269.jpg	361110	0bbdf1e1e7ddcd2fcc0fd4bb1e67b7c9b1971b14098376c53d05bae189b9ef0e	0bbdf1e1e7ddcd2fcc0fd4bb1e67b7c9b1971b14098376c53d05bae189b9ef0e	
UploadFiles/xwzx/2024/11/202411050827520518.jpg	UploadFiles/xwzx/2024/11/202411050827520518.jpg	277079	06a9dc03a16c4a97afb8fb152c4b02db6f4e664fab390dca6c53b488e2446ed3	06a9dc03a16c4a97afb8fb152c4b02db6f4e664fab390dca6c53b488e2446ed3	
UploadFiles/xwzx/2024/11/202411050827522131.jpg	UploadFiles/xwzx/2024/11/202411050827522131.jpg	236823	298ae164862b7493f430eeb723cd66408a1f7b3745e742ce337085c0a854b42f	298ae164862b7493f430eeb723cd66408a1f7b3745e742ce337085c0a854b42f	
UploadFiles/xwzx/2024/11/202411050827523495.jpg	UploadFiles/xwzx/2024/11/202411050827523495.jpg	231026	1b4119bdf970e91c3be2fdeefee565ffef623b1716c8b19b89878f2cc01aa0f2	1b4119bdf970e91c3be2fdeefee565ffef623b1716c8b19b89878f2cc01aa0f2	
UploadFiles/xwzx/2024/11/202411050827523934.jpg	UploadFiles/xwzx/2024/11/202411050827523934.jpg	262326	e5ace27c99ce6e166e81cf2782668456b7b7d4ddf5318f96518d4d1b7a54ff29	e5ace27c99ce6e166e81cf2782668456b7b7d4ddf5318f96518d4d1b7a54ff29	
UploadFiles/xwzx/2024/11/202411050827524159.jpg	UploadFiles/xwzx/2024/11/202411050827524159.jpg	5585284	23f5257d02457a45c0430213cbf7c7efc076a121576bec2b14d5b4f6e4a08b5a	23f5257d02457a45c0430213cbf7c7efc076a121576bec2b14d5b4f6e4a08b5a	
UploadFiles/xwzx/2024/11/202411050827525152.jpg	UploadFiles/xwzx/2024/11/202411050827525152.jpg	288068	17227135e21b9a7dd8b9157beee0b51bab480f3395988c3196666df297e11c79	17227135e21b9a7dd8b9157beee0b51bab480f3395988c3196666df297e11c79	
UploadFiles/xwzx/2024/11/202411050827525190.jpg	UploadFiles/xwzx/2024/11/202411050827525190.jpg	202537	d74b9e6c212c4e1b1b55a64c0e282b73c13c10a90a9c4c07e5cd51bc52ccf295	d74b9e6c212c4e1b1b55a64c0e282b73c13c10a90a9c4c07e5cd51bc52ccf295	
UploadFiles/xwzx/2024/11/202411050827525264.jpg	UploadFiles/xwzx/2024/11/202411050827525264.jpg	212745	333e76f1fdb314b422bfe534adc18e2c9951e497fcbd99f541a4be4f4d01589e	333e76f1fdb314b422bfe534adc18e2c9951e497fcbd99f541a4be4f4d01589e	
UploadFiles/xwzx/2024/11/202411050827525393.jpg	UploadFiles/xwzx/2024/11/202411050827525393.jpg	4186079	33d4c759db3e3c0415922dc1344c536da15dd57212f417522163f6985c5a96da	33d4c759db3e3c0415922dc1344c536da15dd57212f417522163f6985c5a96da	
UploadFiles/xwzx/2024/11/202411050827525507.jpg	UploadFiles/xwzx/2024/11/202411050827525507.jpg	289710	f300fa5509dd999a90204546c2589fcae15e237a651b1bc1481a8208d25d85d9	f300fa5509dd999a90204546c2589fcae15e237a651b1bc1481a8208d25d85d9	
UploadFiles/xwzx/2024/11/202411050827525986.jpg	UploadFiles/xwzx/2024/11/202411050827525986.jpg	266711	ee2af87c7614ab339125adce1088e81b45c79020031f484836b2ac8655e40155	ee2af87c7614ab339125adce1088e81b45c79020031f484836b2ac8655e40155	
UploadFiles/xwzx/2024/11/202411050827526058.jpg	UploadFiles/xwzx/2024/11/202411050827526058.jpg	303730	c4ce88b127768598abdff14a727ef56ae5f69a53ac6cac9ecc2b53ea15199e2a	c4ce88b127768598abdff14a727ef56ae5f69a53ac6cac9ecc2b53ea15199e2a	
UploadFiles/xwzx/2024/11/202411050827527184.jpg	UploadFiles/xwzx/2024/11/202411050827527184.jpg	151967	9a7de56e51abe014ab98840c2cceae6c126d3502d37b3bda1119b0cc6b0b4ee3	9a7de56e51abe014ab98840c2cceae6c126d3502d37b3bda1119b0cc6b0b4ee3	
UploadFiles/xwzx/2024/11/202411050827528488.jpg	UploadFiles/xwzx/2024/11/202411050827528488.jpg	249342	308ac96de1fe8a3f790b8440040a69ee80bd185ff1f9dc31423b7836cbe9646b	308ac96de1fe8a3f790b8440040a69ee80bd185ff1f9dc31423b7836cbe9646b	
UploadFiles/xwzx/2024/11/202411050827528574.jpg	UploadFiles/xwzx/2024/11/202411050827528574.jpg	213304	d706b383873b5f8cce4424201802f4c2fb43f498dab08137b058f1b05eca9c4e	d706b383873b5f8cce4424201802f4c2fb43f498dab08137b058f1b05eca9c4e	
UploadFiles/xwzx/2024/11/202411050827528581.jpg	UploadFiles/xwzx/2024/11/202411050827528581.jpg	196931	db7e817b859fa019c7bcea48a60414c7aa1baa355a2ce4fab8f6003a72420589	db7e817b859fa019c7bcea48a60414c7aa1baa355a2ce4fab8f6003a72420589	
UploadFiles/xwzx/2024/11/202411050827529158.jpg	UploadFiles/xwzx/2024/11/202411050827529158.jpg	281976	cec177c451159c9d52d8647d2ee4f866b493ef19a5a738528f947cf07b2c339e	cec177c451159c9d52d8647d2ee4f866b493ef19a5a738528f947cf07b2c339e	
UploadFiles/xwzx/2024/11/202411050827529385.jpg	UploadFiles/xwzx/2024/11/202411050827529385.jpg	225395	8d6de7a7083275a7693cf5339fdb724e46270e533b24b4e1944b48e0c40fabd2	8d6de7a7083275a7693cf5339fdb724e46270e533b24b4e1944b48e0c40fabd2	
UploadFiles/xwzx/2024/11/2024110508275293851.jpg	UploadFiles/xwzx/2024/11/2024110508275293851.jpg	284681	c54620f2b7fca7a892582bf47bf7a6b6c88f7c03d50c17fb0cbcae65cba52240	c54620f2b7fca7a892582bf47bf7a6b6c88f7c03d50c17fb0cbcae65cba52240	
UploadFiles/xwzx/2024/11/202411050827529737.jpg	UploadFiles/xwzx/2024/11/202411050827529737.jpg	229653	6ba694da1cb16e46042b2006d82ccb160b3eca00e17012f626cb87792809bbc1	6ba694da1cb16e46042b2006d82ccb160b3eca00e17012f626cb87792809bbc1	
UploadFiles/xwzx/2024/11/202411050827535797.jpg	UploadFiles/xwzx/2024/11/202411050827535797.jpg	234253	af9f399cf597c243626093d79e42c98f86536f7c145842f01a5ee63df2774777	af9f399cf597c243626093d79e42c98f86536f7c145842f01a5ee63df2774777	
UploadFiles/xwzx/2024/11/202411050829309603.jpg	UploadFiles/xwzx/2024/11/202411050829309603.jpg	4051452	224187ade0c3c4a93e4c9df6058545287889ad6b92150e36bc4b6578951bdb48	224187ade0c3c4a93e4c9df6058545287889ad6b92150e36bc4b6578951bdb48	
UploadFiles/xwzx/2024/11/202411050829310871.jpg	UploadFiles/xwzx/2024/11/202411050829310871.jpg	3189528	9e54c52aa853a477ed43e05ff2412687dedc50069f75b973080574e1702c0df2	9e54c52aa853a477ed43e05ff2412687dedc50069f75b973080574e1702c0df2	
UploadFiles/xwzx/2024/11/202411050829320170.jpg	UploadFiles/xwzx/2024/11/202411050829320170.jpg	2992762	748c4e07d2b6f42273db5b0ca49cfcf357291d10bc0d33f6de0f54d734fac299	748c4e07d2b6f42273db5b0ca49cfcf357291d10bc0d33f6de0f54d734fac299	
UploadFiles/xwzx/2024/11/202411050829326949.jpg	UploadFiles/xwzx/2024/11/202411050829326949.jpg	4014279	5ea3f5032959acdfc2ee4a72fccc16ab42c8a86b875dc84c70d4126b6163f150	5ea3f5032959acdfc2ee4a72fccc16ab42c8a86b875dc84c70d4126b6163f150	
UploadFiles/xwzx/2024/11/202411050829327120.jpg	UploadFiles/xwzx/2024/11/202411050829327120.jpg	4590412	db6319904121f53f8d111e36a4c335c32bfc172390b710ff4b725d96a0633fca	db6319904121f53f8d111e36a4c335c32bfc172390b710ff4b725d96a0633fca	
UploadFiles/xwzx/2024/11/202411050829333445.jpg	UploadFiles/xwzx/2024/11/202411050829333445.jpg	3577165	c1707b1665875682ceee775d48e136b3656da072a4400ad6573008e5878f5c6e	c1707b1665875682ceee775d48e136b3656da072a4400ad6573008e5878f5c6e	
UploadFiles/xwzx/2024/11/202411050829335933.jpg	UploadFiles/xwzx/2024/11/202411050829335933.jpg	4339213	42822c90ada779faea6eb4274a04fe7b3c170ac27f74584bf438ef16be4b6b72	42822c90ada779faea6eb4274a04fe7b3c170ac27f74584bf438ef16be4b6b72	
UploadFiles/xwzx/2024/11/202411050829338911.jpg	UploadFiles/xwzx/2024/11/202411050829338911.jpg	2928095	17e4f3657c3bbe932549d78cbb34b285dd7c884d5d98d34e37fa6498e24a5676	17e4f3657c3bbe932549d78cbb34b285dd7c884d5d98d34e37fa6498e24a5676	
UploadFiles/xwzx/2024/11/202411050912274876.png	UploadFiles/xwzx/2024/11/202411050912274876.png	147587	c10d468bc55e5d264d686002cbc20d2e2f7024f462d82ceda32956d2cc67e6ac	c10d468bc55e5d264d686002cbc20d2e2f7024f462d82ceda32956d2cc67e6ac	
UploadFiles/xwzx/2024/11/202411051623214182.png	UploadFiles/xwzx/2024/11/202411051623214182.png	72162	21876443367ea0e2e59b365a0962ca1ff317f0efb109d5dabd02f170872a31b4	21876443367ea0e2e59b365a0962ca1ff317f0efb109d5dabd02f170872a31b4	
UploadFiles/xwzx/2024/11/202411051630039868.png	UploadFiles/xwzx/2024/11/202411051630039868.png	100213	7bc05fba82d82b5c0e016efa7104b25d846500f416b01728cd4bb221f4b0a428	7bc05fba82d82b5c0e016efa7104b25d846500f416b01728cd4bb221f4b0a428	
UploadFiles/xwzx/2024/11/202411060859038581.png	UploadFiles/xwzx/2024/11/202411060859038581.png	453082	2eec8bd32637f647c8141e5f5ad6ac7aa66488fdbcc117ce815132a130f21689	2eec8bd32637f647c8141e5f5ad6ac7aa66488fdbcc117ce815132a130f21689	
UploadFiles/xwzx/2024/11/202411060904467580.png	UploadFiles/xwzx/2024/11/202411060904467580.png	321239	b4b5006b7b934dcdcaebf1c9b3bc7ce5a4c8dfb8fa52e7e4ec7d806820ce52e4	b4b5006b7b934dcdcaebf1c9b3bc7ce5a4c8dfb8fa52e7e4ec7d806820ce52e4	
UploadFiles/xwzx/2024/11/202411060905597125.png	UploadFiles/xwzx/2024/11/202411060905597125.png	19519	48582c8f2c9d03234570add3216a9e3d3330f90cfe188260387e0b7465647d57	48582c8f2c9d03234570add3216a9e3d3330f90cfe188260387e0b7465647d57	
UploadFiles/xwzx/2024/11/202411060929386814.png	UploadFiles/xwzx/2024/11/202411060929386814.png	771538	4b218e4c94d56889173c123173d1f6dfa96fd68e8e17b5f048670cc6f8608337	4b218e4c94d56889173c123173d1f6dfa96fd68e8e17b5f048670cc6f8608337	
UploadFiles/xwzx/2024/11/202411060929387012.png	UploadFiles/xwzx/2024/11/202411060929387012.png	550547	3866feecc22b10b889ef0408924848e967fc5f39aefac325a217814388beb19e	3866feecc22b10b889ef0408924848e967fc5f39aefac325a217814388beb19e	
UploadFiles/xwzx/2024/11/202411060931276378.png	UploadFiles/xwzx/2024/11/202411060931276378.png	136055	d3b1b9c6da2bcbd01abe778ba7d27174bc65ee7e90c101fda2820eb3def0cfeb	d3b1b9c6da2bcbd01abe778ba7d27174bc65ee7e90c101fda2820eb3def0cfeb	
UploadFiles/xwzx/2024/11/202411080941375181.png	UploadFiles/xwzx/2024/11/202411080941375181.png	19519	48582c8f2c9d03234570add3216a9e3d3330f90cfe188260387e0b7465647d57	48582c8f2c9d03234570add3216a9e3d3330f90cfe188260387e0b7465647d57	
UploadFiles/xwzx/2024/11/202411081057573888.png	UploadFiles/xwzx/2024/11/202411081057573888.png	33678	1f97b5739414674456a98e3e30321a4d4c26bfbdf2a22c958842ceee3ec1aa25	1f97b5739414674456a98e3e30321a4d4c26bfbdf2a22c958842ceee3ec1aa25	
UploadFiles/xwzx/2024/11/202411081058191630.png	UploadFiles/xwzx/2024/11/202411081058191630.png	29945	38e9596c70d8db32b307d35e7aca198f769aa1ded2577a2fb103b71a8cadd934	38e9596c70d8db32b307d35e7aca198f769aa1ded2577a2fb103b71a8cadd934	
UploadFiles/xwzx/2024/11/202411081453456289.png	UploadFiles/xwzx/2024/11/202411081453456289.png	37527	f2bf0481b321ff0d612ded39c0100c9a78d7005be2be88743a6a7d1bb03101f2	f2bf0481b321ff0d612ded39c0100c9a78d7005be2be88743a6a7d1bb03101f2	
UploadFiles/xwzx/2024/11/202411081453457952.png	UploadFiles/xwzx/2024/11/202411081453457952.png	28677	3007fd5c51dea316b99e087df2b3c14c794d1e2d78bb67b83d84ab8284724263	3007fd5c51dea316b99e087df2b3c14c794d1e2d78bb67b83d84ab8284724263	
UploadFiles/xwzx/2024/11/202411081610519077.png	UploadFiles/xwzx/2024/11/202411081610519077.png	61907	84488723228642865052f9d2869915eb44b659d72703c286caf0f3f342a4a3b3	84488723228642865052f9d2869915eb44b659d72703c286caf0f3f342a4a3b3	
UploadFiles/xwzx/2024/11/202411081615335906.png	UploadFiles/xwzx/2024/11/202411081615335906.png	47498	35355d3d4d24ac35506c0e497dcce4e82deac11d6dfe717af8583c5b417ffcd3	35355d3d4d24ac35506c0e497dcce4e82deac11d6dfe717af8583c5b417ffcd3	
UploadFiles/xwzx/2024/11/202411081707348056.png	UploadFiles/xwzx/2024/11/202411081707348056.png	103556	2c3fbaed03e3acb72cbb23cdef94b9fd28610083addb05efc6c46360e22f1acd	2c3fbaed03e3acb72cbb23cdef94b9fd28610083addb05efc6c46360e22f1acd	
UploadFiles/xwzx/2024/11/202411110808010466.PNG	UploadFiles/xwzx/2024/11/202411110808010466.PNG	62790	1a7a467a669fd8b3600e948b0ef4c8d7a214c78a6d8806148360bfb3283ec3a0	1a7a467a669fd8b3600e948b0ef4c8d7a214c78a6d8806148360bfb3283ec3a0	
UploadFiles/xwzx/2024/11/202411110908056727.png	UploadFiles/xwzx/2024/11/202411110908056727.png	101627	ca13a2ff8ad75ac787ef8e6215b57121c620477a5af1191972e4626064827b7a	ca13a2ff8ad75ac787ef8e6215b57121c620477a5af1191972e4626064827b7a	
UploadFiles/xwzx/2024/11/202411111414541510.png	UploadFiles/xwzx/2024/11/202411111414541510.png	99030	cd9e325ec5754b29b6ef7132b94900882f6f83629f81f7f4fce282ec6d21d3c3	cd9e325ec5754b29b6ef7132b94900882f6f83629f81f7f4fce282ec6d21d3c3	
UploadFiles/xwzx/2024/11/202411111704204710.JPG	UploadFiles/xwzx/2024/11/202411111704204710.JPG	155844	4d0716f7959778ced693a34ab6dd7de36a440d16419afe431a71f0c10f45c479	4d0716f7959778ced693a34ab6dd7de36a440d16419afe431a71f0c10f45c479	
UploadFiles/xwzx/2024/11/202411121452382498.png	UploadFiles/xwzx/2024/11/202411121452382498.png	99396	2899b875f153e12481417a5f9d04752b35d15d6ff828e12d9b150989996de614	2899b875f153e12481417a5f9d04752b35d15d6ff828e12d9b150989996de614	
UploadFiles/xwzx/2024/11/202411121517492737.png	UploadFiles/xwzx/2024/11/202411121517492737.png	72860	23c7cfc3691229bd129df634c188cd80c1fc31f6795370c74827f57713fdc8c1	23c7cfc3691229bd129df634c188cd80c1fc31f6795370c74827f57713fdc8c1	
UploadFiles/xwzx/2024/11/202411121528521400.png	UploadFiles/xwzx/2024/11/202411121528521400.png	22097	7e5904d188bc4384b6d53a7f849b43a18e0bb4dfd5fe5f9b2f3da88b4f033235	7e5904d188bc4384b6d53a7f849b43a18e0bb4dfd5fe5f9b2f3da88b4f033235	
UploadFiles/xwzx/2024/11/202411121537302110.png	UploadFiles/xwzx/2024/11/202411121537302110.png	16183	1eba3cbc7935955a7cd56a163839d53003a8acd29e5b35b4a537ec8217e2c9bd	1eba3cbc7935955a7cd56a163839d53003a8acd29e5b35b4a537ec8217e2c9bd	
UploadFiles/xwzx/2024/11/202411121702231407.png	UploadFiles/xwzx/2024/11/202411121702231407.png	30655	e19dbd811b25283400aa2734804cadf6dd1290c57b5e761204135d8918bb7750	e19dbd811b25283400aa2734804cadf6dd1290c57b5e761204135d8918bb7750	
UploadFiles/xwzx/2024/11/202411130929387711.gif	UploadFiles/xwzx/2024/11/202411130929387711.gif	970	2e20adfa5746298c73e199693934f04f5416d373daa6dd0d5e73a337f2f36dff	2e20adfa5746298c73e199693934f04f5416d373daa6dd0d5e73a337f2f36dff	
UploadFiles/xwzx/2024/11/202411131028010726.gif	UploadFiles/xwzx/2024/11/202411131028010726.gif	970	2e20adfa5746298c73e199693934f04f5416d373daa6dd0d5e73a337f2f36dff	2e20adfa5746298c73e199693934f04f5416d373daa6dd0d5e73a337f2f36dff	
UploadFiles/xwzx/2024/11/202411131055532215.PNG	UploadFiles/xwzx/2024/11/202411131055532215.PNG	27960	ca26a73ba3c16ed883d27a8865d7052f7440fe7c2f0e53431054746fdee3d72e	ca26a73ba3c16ed883d27a8865d7052f7440fe7c2f0e53431054746fdee3d72e	
UploadFiles/xwzx/2024/11/202411131554325843.png	UploadFiles/xwzx/2024/11/202411131554325843.png	72516	bd29c1e349dfb838afcd3336f44dbfa38ded3fff20cbe9a619b95cf8f58f6c04	bd29c1e349dfb838afcd3336f44dbfa38ded3fff20cbe9a619b95cf8f58f6c04	
UploadFiles/xwzx/2024/11/202411132023162839.png	UploadFiles/xwzx/2024/11/202411132023162839.png	24959	7ff31ab976372d9432044421e11ee1bc470f9f3f82c154470441ad1c18873a1f	7ff31ab976372d9432044421e11ee1bc470f9f3f82c154470441ad1c18873a1f	
UploadFiles/xwzx/2024/11/202411141514588297.png	UploadFiles/xwzx/2024/11/202411141514588297.png	104631	04012f8bc63e6078f1a9bf24d5627ef03addf895d18610200f74d03b9b9872b4	04012f8bc63e6078f1a9bf24d5627ef03addf895d18610200f74d03b9b9872b4	
UploadFiles/xwzx/2024/11/202411180822366354.png	UploadFiles/xwzx/2024/11/202411180822366354.png	98106	ad36b177c38594724cff814adf43ef5e708976cda37d2587c033023d4aa437e6	ad36b177c38594724cff814adf43ef5e708976cda37d2587c033023d4aa437e6	
UploadFiles/xwzx/2024/11/202411181017186444.png	UploadFiles/xwzx/2024/11/202411181017186444.png	99462	c79382ac2c236b2dc5db6ac38eef97cb9c5a5f510d880bc6d6f51c0e2fef9d5f	c79382ac2c236b2dc5db6ac38eef97cb9c5a5f510d880bc6d6f51c0e2fef9d5f	
UploadFiles/xwzx/2024/11/202411181017416465.png	UploadFiles/xwzx/2024/11/202411181017416465.png	99383	71e86d6181fe7eea8ae9ca27535f01bb64c40d96c814f123df85550d30e482e2	71e86d6181fe7eea8ae9ca27535f01bb64c40d96c814f123df85550d30e482e2	
UploadFiles/xwzx/2024/11/202411181030151297.png	UploadFiles/xwzx/2024/11/202411181030151297.png	104843	e8aca781805936468ab35d402211597c5118f433ca6e067ee4261277ff01698d	e8aca781805936468ab35d402211597c5118f433ca6e067ee4261277ff01698d	
UploadFiles/xwzx/2024/11/202411181225099619.gif	UploadFiles/xwzx/2024/11/202411181225099619.gif	1012	62c86a7776611273707faece405890b74a8c521b17a73e339875d8aa4f9ca361	62c86a7776611273707faece405890b74a8c521b17a73e339875d8aa4f9ca361	
UploadFiles/xwzx/2024/11/202411181557209851.png	UploadFiles/xwzx/2024/11/202411181557209851.png	99060	3c4de8f7fd9c624b33b046b07584c3276740c5fa428067addaef37899b9474b5	3c4de8f7fd9c624b33b046b07584c3276740c5fa428067addaef37899b9474b5	
UploadFiles/xwzx/2024/11/202411191027598699.png	UploadFiles/xwzx/2024/11/202411191027598699.png	99059	d3c5460d7af2a35247623de179ef0a86a1e1c2e9c4c09733934fd87f43f6a943	d3c5460d7af2a35247623de179ef0a86a1e1c2e9c4c09733934fd87f43f6a943	
UploadFiles/xwzx/2024/11/202411191506376642.png	UploadFiles/xwzx/2024/11/202411191506376642.png	266866	076cfd356bdd1646246ed61e968215424ff35e13edf2e0e674b086d090ddb340	076cfd356bdd1646246ed61e968215424ff35e13edf2e0e674b086d090ddb340	
UploadFiles/xwzx/2024/11/202411200901313730.jpg	UploadFiles/xwzx/2024/11/202411200901313730.jpg	321452	0a7c15121eb6340ac43749aaa8ee7734e8f90ccddd6c3c455446b7e47c3e43ac	0a7c15121eb6340ac43749aaa8ee7734e8f90ccddd6c3c455446b7e47c3e43ac	
UploadFiles/xwzx/2024/11/202411200901337532.jpg	UploadFiles/xwzx/2024/11/202411200901337532.jpg	5694622	b1aa5305c64e6bfa8fd91227265d45f3408c733ed1c3420f1ec4d26f9f511629	b1aa5305c64e6bfa8fd91227265d45f3408c733ed1c3420f1ec4d26f9f511629	
UploadFiles/xwzx/2024/11/202411200901346347.jpg	UploadFiles/xwzx/2024/11/202411200901346347.jpg	13027357	d24f110934aac0b90f1ac00eeecb5a05ae82358f1dcf353e308ca8d381d18dbf	d24f110934aac0b90f1ac00eeecb5a05ae82358f1dcf353e308ca8d381d18dbf	
UploadFiles/xwzx/2024/11/202411200901352458.jpg	UploadFiles/xwzx/2024/11/202411200901352458.jpg	5729256	cabe0d66bb5ebbca49d4edeb0408e0af7c17bba5b3b20fd93d6cc8b52bf2a096	cabe0d66bb5ebbca49d4edeb0408e0af7c17bba5b3b20fd93d6cc8b52bf2a096	
UploadFiles/xwzx/2024/11/202411200901352516.jpg	UploadFiles/xwzx/2024/11/202411200901352516.jpg	383316	849174edab6942bf8eac69503688b0e0d7cc374ec245f665bafadb14f354304e	849174edab6942bf8eac69503688b0e0d7cc374ec245f665bafadb14f354304e	
UploadFiles/xwzx/2024/11/202411200901359436.jpg	UploadFiles/xwzx/2024/11/202411200901359436.jpg	10576264	2c0433b1c42bafaf43d7367705e0ed6f943510d3481865cff6e4e6c2b67e6a19	2c0433b1c42bafaf43d7367705e0ed6f943510d3481865cff6e4e6c2b67e6a19	
UploadFiles/xwzx/2024/11/202411200901360103.jpg	UploadFiles/xwzx/2024/11/202411200901360103.jpg	6254332	7ae97a18a13d5ade75ded09585048ddacb5fad66242f52b79e48565776159b6e	7ae97a18a13d5ade75ded09585048ddacb5fad66242f52b79e48565776159b6e	
UploadFiles/xwzx/2024/11/202411200901360138.jpg	UploadFiles/xwzx/2024/11/202411200901360138.jpg	5880990	1b922a6e7fac3897edabd8d013b37a1e1a5114b9502a5bba08c4619943478226	1b922a6e7fac3897edabd8d013b37a1e1a5114b9502a5bba08c4619943478226	
UploadFiles/xwzx/2024/11/202411200902470557.jpg	UploadFiles/xwzx/2024/11/202411200902470557.jpg	148274	189687bda347f5d19cbe29ed247768199ae986a3a16634b339b2e9f42bfb0159	189687bda347f5d19cbe29ed247768199ae986a3a16634b339b2e9f42bfb0159	
UploadFiles/xwzx/2024/11/202411200902471571.jpg	UploadFiles/xwzx/2024/11/202411200902471571.jpg	279815	7395518e6386587051c58ea26113394db141c2b40ce4fc4daa64b623e2b3b908	7395518e6386587051c58ea26113394db141c2b40ce4fc4daa64b623e2b3b908	
UploadFiles/xwzx/2024/11/202411200902474587.jpg	UploadFiles/xwzx/2024/11/202411200902474587.jpg	168988	8be092ec06bdceb7e45ae86e9e1a7e76b80d732823b56525fa868b4e903557a2	8be092ec06bdceb7e45ae86e9e1a7e76b80d732823b56525fa868b4e903557a2	
UploadFiles/xwzx/2024/11/202411200902475014.jpg	UploadFiles/xwzx/2024/11/202411200902475014.jpg	184782	b797984ed101c5685bff0da588dd86f60fa0ddc6294c79cdf044b5bf4195767c	b797984ed101c5685bff0da588dd86f60fa0ddc6294c79cdf044b5bf4195767c	
UploadFiles/xwzx/2024/11/202411200902475247.jpg	UploadFiles/xwzx/2024/11/202411200902475247.jpg	338838	d5d55f034281fa72dbd9e280152eb1391ceabd3c29eccaab5bd3f060bfaabac0	d5d55f034281fa72dbd9e280152eb1391ceabd3c29eccaab5bd3f060bfaabac0	
UploadFiles/xwzx/2024/11/202411200902475695.jpg	UploadFiles/xwzx/2024/11/202411200902475695.jpg	267137	5ce2e2982a99d67f7d09b30195e5b2e4f33336ee6c463e9a2a59f0d50ef410b8	5ce2e2982a99d67f7d09b30195e5b2e4f33336ee6c463e9a2a59f0d50ef410b8	
UploadFiles/xwzx/2024/11/202411200902477396.jpg	UploadFiles/xwzx/2024/11/202411200902477396.jpg	179431	6406b37e6f4a915779be17733f16f54f7d42a4a3b6cbddf193e05a89616a075c	6406b37e6f4a915779be17733f16f54f7d42a4a3b6cbddf193e05a89616a075c	
UploadFiles/xwzx/2024/11/202411200902478139.jpg	UploadFiles/xwzx/2024/11/202411200902478139.jpg	288500	10238a9b5c6d5d871316a57980200d8ab87844d9e676d1089178ce1980a60e85	10238a9b5c6d5d871316a57980200d8ab87844d9e676d1089178ce1980a60e85	
UploadFiles/xwzx/2024/11/202411200902478388.jpg	UploadFiles/xwzx/2024/11/202411200902478388.jpg	198538	c009d46cf3e1223170e0b8ad7f30186acb688d83ac2cf89bd13523eace600021	c009d46cf3e1223170e0b8ad7f30186acb688d83ac2cf89bd13523eace600021	
UploadFiles/xwzx/2024/11/202411200902479398.jpg	UploadFiles/xwzx/2024/11/202411200902479398.jpg	5408202	2451b73c143919da730a3b95e656870999d73bedab21fd915b86a8d15b261b1b	2451b73c143919da730a3b95e656870999d73bedab21fd915b86a8d15b261b1b	
UploadFiles/xwzx/2024/11/202411200902479568.jpg	UploadFiles/xwzx/2024/11/202411200902479568.jpg	233123	d13be1dd3fe747afd4718352b48d6552e4bffa216a39c81a688f7451d265c28d	d13be1dd3fe747afd4718352b48d6552e4bffa216a39c81a688f7451d265c28d	
UploadFiles/xwzx/2024/11/202411200902479617.jpg	UploadFiles/xwzx/2024/11/202411200902479617.jpg	151745	9c141d5d9beab095b99fe7245ee463de9f5db0c43694aa2e6183d3befa51cd90	9c141d5d9beab095b99fe7245ee463de9f5db0c43694aa2e6183d3befa51cd90	
UploadFiles/xwzx/2024/11/202411200902480698.jpg	UploadFiles/xwzx/2024/11/202411200902480698.jpg	257754	6dd0424fcaa8af1f008b5c678113fce7b9a3a82686a12fb3b89fd862e88f2796	6dd0424fcaa8af1f008b5c678113fce7b9a3a82686a12fb3b89fd862e88f2796	
UploadFiles/xwzx/2024/11/202411200902482581.jpg	UploadFiles/xwzx/2024/11/202411200902482581.jpg	217600	bcfeb7af4c98d45af64b3668e4da3b67e554ff47e69d4ce74279b061eabb1c6e	bcfeb7af4c98d45af64b3668e4da3b67e554ff47e69d4ce74279b061eabb1c6e	
UploadFiles/xwzx/2024/11/202411200902482624.jpg	UploadFiles/xwzx/2024/11/202411200902482624.jpg	232133	639edc062926e5875c7169fc3069d8f14418b4b7f3e2df4608e026cc8cc79f54	639edc062926e5875c7169fc3069d8f14418b4b7f3e2df4608e026cc8cc79f54	
UploadFiles/xwzx/2024/11/202411200902484182.jpg	UploadFiles/xwzx/2024/11/202411200902484182.jpg	199055	1af8afa0eb3fe99c9097f88c2fb21dfaf1cb9cec3c36a23e2a13a5902a7d3db3	1af8afa0eb3fe99c9097f88c2fb21dfaf1cb9cec3c36a23e2a13a5902a7d3db3	
UploadFiles/xwzx/2024/11/202411200902486169.jpg	UploadFiles/xwzx/2024/11/202411200902486169.jpg	246781	8dc7410d547fe6ebb046b7b1b79788cf7083baa91c93f3ea2fa921ae04ec0c75	8dc7410d547fe6ebb046b7b1b79788cf7083baa91c93f3ea2fa921ae04ec0c75	
UploadFiles/xwzx/2024/11/202411200902487095.jpg	UploadFiles/xwzx/2024/11/202411200902487095.jpg	236829	20f3c91408b9f67f8f1f400b1ddb71318af35c80a87d2c6f8cf0b6851a6af304	20f3c91408b9f67f8f1f400b1ddb71318af35c80a87d2c6f8cf0b6851a6af304	
UploadFiles/xwzx/2024/11/202411201431188919.png	UploadFiles/xwzx/2024/11/202411201431188919.png	42930	876cf8e82ce9315d07d4f5561cc48123ad07402966d2dc3f0410bc75b3b085f5	876cf8e82ce9315d07d4f5561cc48123ad07402966d2dc3f0410bc75b3b085f5	
UploadFiles/xwzx/2024/11/202411201432028467.png	UploadFiles/xwzx/2024/11/202411201432028467.png	35429	a4ef5205532dc8ea87792ae0f3ebe53ecbdaa701cdc1f407f72fce86cd81cf90	a4ef5205532dc8ea87792ae0f3ebe53ecbdaa701cdc1f407f72fce86cd81cf90	
UploadFiles/xwzx/2024/11/202411210855073478.png	UploadFiles/xwzx/2024/11/202411210855073478.png	100957	f38fc7ba2937170af5324670f2c52df7949558d1434962e10bba883456646646	f38fc7ba2937170af5324670f2c52df7949558d1434962e10bba883456646646	
UploadFiles/xwzx/2024/11/202411210904280910.gif	UploadFiles/xwzx/2024/11/202411210904280910.gif	1012	62c86a7776611273707faece405890b74a8c521b17a73e339875d8aa4f9ca361	62c86a7776611273707faece405890b74a8c521b17a73e339875d8aa4f9ca361	
UploadFiles/xwzx/2024/11/202411211420549170.png	UploadFiles/xwzx/2024/11/202411211420549170.png	105192	cb95e86e697d135b42faf05c4d1b626e188af389222e63ae103f5eb9785c16e4	cb95e86e697d135b42faf05c4d1b626e188af389222e63ae103f5eb9785c16e4	
UploadFiles/xwzx/2024/11/202411211421139024.png	UploadFiles/xwzx/2024/11/202411211421139024.png	72702	cb35e71e486bedd18530388e7e838c2099987bc70f17ccb2841176359b827fd4	cb35e71e486bedd18530388e7e838c2099987bc70f17ccb2841176359b827fd4	
UploadFiles/xwzx/2024/11/202411211612303667.png	UploadFiles/xwzx/2024/11/202411211612303667.png	72763	93ff2611639d7f44b1dc22a1bb3d573748f36f630fe658cf0524f2723eb18124	93ff2611639d7f44b1dc22a1bb3d573748f36f630fe658cf0524f2723eb18124	
UploadFiles/xwzx/2024/11/202411220824451433.png	UploadFiles/xwzx/2024/11/202411220824451433.png	72397	b62aac3fe5e3e9d22bf8ebc13896747bc806f6ce2a033fdd0ed1bfe6e4e2b96b	b62aac3fe5e3e9d22bf8ebc13896747bc806f6ce2a033fdd0ed1bfe6e4e2b96b	
UploadFiles/xwzx/2024/11/202411221103195030.png	UploadFiles/xwzx/2024/11/202411221103195030.png	96698	2f5286f71c6d41fffe922d51963c20c99b0d40a312288e000fdf6bb457df15c4	2f5286f71c6d41fffe922d51963c20c99b0d40a312288e000fdf6bb457df15c4	
UploadFiles/xwzx/2024/11/202411221103209427.png	UploadFiles/xwzx/2024/11/202411221103209427.png	76461	e1e4e5e5f9bbd045c44f6aedf7d881d379d4b8b28fa3006f23b107689aa1ee4c	e1e4e5e5f9bbd045c44f6aedf7d881d379d4b8b28fa3006f23b107689aa1ee4c	
UploadFiles/xwzx/2024/11/202411221710456489.png	UploadFiles/xwzx/2024/11/202411221710456489.png	72814	0c95a51b50dc8c1c0f2b42cfb8517f448a52ebd8bffd2c24114aca6fc3706db7	0c95a51b50dc8c1c0f2b42cfb8517f448a52ebd8bffd2c24114aca6fc3706db7	
UploadFiles/xwzx/2024/11/202411251415581640.png	UploadFiles/xwzx/2024/11/202411251415581640.png	107768	c87822a57757e044d61c55f42b9a9625e4a6ba1eee0a7f1f1595e920d8c4d8b9	c87822a57757e044d61c55f42b9a9625e4a6ba1eee0a7f1f1595e920d8c4d8b9	
UploadFiles/xwzx/2024/11/202411251416437288.png	UploadFiles/xwzx/2024/11/202411251416437288.png	104146	112f97cf24ce9e08079f18a02bcdcb400ac89d17f60a9555ece0a90735c0905c	112f97cf24ce9e08079f18a02bcdcb400ac89d17f60a9555ece0a90735c0905c	
UploadFiles/xwzx/2024/11/202411251419165977.png	UploadFiles/xwzx/2024/11/202411251419165977.png	105858	2d5f4a77b3bb4ac5803fe6d879a0f93b21e1afd2eecb7cc318ad68b2890e2ef7	2d5f4a77b3bb4ac5803fe6d879a0f93b21e1afd2eecb7cc318ad68b2890e2ef7	
UploadFiles/xwzx/2024/11/202411251419387872.png	UploadFiles/xwzx/2024/11/202411251419387872.png	98598	bf4f98866ad15c527ac8cd35bcfab21278b800bda5a4428336a3e98471b9e03f	bf4f98866ad15c527ac8cd35bcfab21278b800bda5a4428336a3e98471b9e03f	
UploadFiles/xwzx/2024/11/202411260907455576.png	UploadFiles/xwzx/2024/11/202411260907455576.png	254489	c122375ab6349201eddd9bea18daf12477f2a813282dc616a0d99e203dfa590c	c122375ab6349201eddd9bea18daf12477f2a813282dc616a0d99e203dfa590c	
UploadFiles/xwzx/2024/11/202411260907459748.png	UploadFiles/xwzx/2024/11/202411260907459748.png	232511	04c2272543a3f790505370eafbaf7efe0ebded61b6b290b7881825d96ff98891	04c2272543a3f790505370eafbaf7efe0ebded61b6b290b7881825d96ff98891	
UploadFiles/xwzx/2024/11/202411261107392946.png	UploadFiles/xwzx/2024/11/202411261107392946.png	15979	84cf0d3605652574d740e0f4617d7d818b4cad480a122f0f5d62ef2f817eeea9	84cf0d3605652574d740e0f4617d7d818b4cad480a122f0f5d62ef2f817eeea9	
UploadFiles/xwzx/2024/11/202411261605433116.png	UploadFiles/xwzx/2024/11/202411261605433116.png	101118	ac835361fd5082fb5838243b94e18068b29afddf84059f827e3e1b171c9e5f3d	ac835361fd5082fb5838243b94e18068b29afddf84059f827e3e1b171c9e5f3d	
UploadFiles/xwzx/2024/11/202411261623286906.png	UploadFiles/xwzx/2024/11/202411261623286906.png	72296	0ef702d330eaac3cc54c6e7b8380720a7f95745883f5ce9bcca7ae485d09af2f	0ef702d330eaac3cc54c6e7b8380720a7f95745883f5ce9bcca7ae485d09af2f	
UploadFiles/xwzx/2024/11/202411271505406757.png	UploadFiles/xwzx/2024/11/202411271505406757.png	72824	de658becd4d541843eb14d9941a418f0493676fdf393bdf33dbc14c1f341b656	de658becd4d541843eb14d9941a418f0493676fdf393bdf33dbc14c1f341b656	
UploadFiles/xwzx/2024/11/202411291623025919.png	UploadFiles/xwzx/2024/11/202411291623025919.png	106257	7017fc4e928563c87da57f4e4b2e9cf64b95a793f6c477061d2b233b1f976db3	7017fc4e928563c87da57f4e4b2e9cf64b95a793f6c477061d2b233b1f976db3	
UploadFiles/xwzx/2024/11/202411300759149235.png	UploadFiles/xwzx/2024/11/202411300759149235.png	40919	59fda6445863b97aa0113eb0f51b2864cd697af70b592ba9ffaa02a305e7fb39	59fda6445863b97aa0113eb0f51b2864cd697af70b592ba9ffaa02a305e7fb39	
UploadFiles/xwzx/2024/11/202411300759367212.png	UploadFiles/xwzx/2024/11/202411300759367212.png	39410	d3408c0d0f3f78125895e9d67a00d30eda631f922857285aba478dabe76e7578	d3408c0d0f3f78125895e9d67a00d30eda631f922857285aba478dabe76e7578	
UploadFiles/xwzx/2024/12/202412021418150506.png	UploadFiles/xwzx/2024/12/202412021418150506.png	98879	6d0b2afb9b4307dad1d29a1af30217d7fa44be36843a43d49cf6f0522ee4258f	6d0b2afb9b4307dad1d29a1af30217d7fa44be36843a43d49cf6f0522ee4258f	
UploadFiles/xwzx/2024/12/202412021419310788.png	UploadFiles/xwzx/2024/12/202412021419310788.png	106397	f4c9be01eac54d5e804a4b7ed3e47362cc181d36d9e29fa50b96d70131e400bd	f4c9be01eac54d5e804a4b7ed3e47362cc181d36d9e29fa50b96d70131e400bd	
UploadFiles/xwzx/2024/12/202412021433242016.png	UploadFiles/xwzx/2024/12/202412021433242016.png	105411	62250a9c82899c9c164981bf4d01f4cd569c1d8e331d7c3919db168931a73593	62250a9c82899c9c164981bf4d01f4cd569c1d8e331d7c3919db168931a73593	
UploadFiles/xwzx/2024/12/202412021631032010.jpg	UploadFiles/xwzx/2024/12/202412021631032010.jpg	435847	c2b752df9ba246e8b89e189d32c5172e08f23279c80914050d95b8fda4abbf03	c2b752df9ba246e8b89e189d32c5172e08f23279c80914050d95b8fda4abbf03	
UploadFiles/xwzx/2024/12/202412021631044637.jpg	UploadFiles/xwzx/2024/12/202412021631044637.jpg	1133180	9424296de8623e95fce010084c34b72d20fa07a137c745e635bdfc4eb7b8417f	9424296de8623e95fce010084c34b72d20fa07a137c745e635bdfc4eb7b8417f	
UploadFiles/xwzx/2024/12/202412021631071174.JPG	UploadFiles/xwzx/2024/12/202412021631071174.JPG	5721095	afdd89f3b519a0e1bb76c5d5cc81dfabfeeb923785700dfc06f13db4fa9b1889	afdd89f3b519a0e1bb76c5d5cc81dfabfeeb923785700dfc06f13db4fa9b1889	
UploadFiles/xwzx/2024/12/202412031021231825.png	UploadFiles/xwzx/2024/12/202412031021231825.png	98130	95a62ccb0f453d1b98c8273dd94f6a6fdf25a0068d51449d893d45c77ff8c21c	95a62ccb0f453d1b98c8273dd94f6a6fdf25a0068d51449d893d45c77ff8c21c	
UploadFiles/xwzx/2024/12/202412031213483913.png	UploadFiles/xwzx/2024/12/202412031213483913.png	20679	01eb080e2999e4b6583e8a644126af97aeda914d436bd2d0087280ca1c043877	01eb080e2999e4b6583e8a644126af97aeda914d436bd2d0087280ca1c043877	
UploadFiles/xwzx/2024/12/202412031602575272.png	UploadFiles/xwzx/2024/12/202412031602575272.png	72902	2f43ca2830e2923a6271ed0b12345f07fcf758d8fb0d95980c337eeba36cd423	2f43ca2830e2923a6271ed0b12345f07fcf758d8fb0d95980c337eeba36cd423	
UploadFiles/xwzx/2024/12/202412040822047032.png	UploadFiles/xwzx/2024/12/202412040822047032.png	106133	a9134e024d6450ff7d6b9042ed27b9e18b44236d36b951c7b0412e2f8e0cc999	a9134e024d6450ff7d6b9042ed27b9e18b44236d36b951c7b0412e2f8e0cc999	
UploadFiles/xwzx/2024/12/202412041432370448.gif	UploadFiles/xwzx/2024/12/202412041432370448.gif	1005	96ae963c64e3bf7edd26f5e8d131f80d1444536dc7c69b6164d23e4db16a20d3	96ae963c64e3bf7edd26f5e8d131f80d1444536dc7c69b6164d23e4db16a20d3	
UploadFiles/xwzx/2024/12/202412041432388658.gif	UploadFiles/xwzx/2024/12/202412041432388658.gif	996	6a8c34408daee220b364f56261db307a68c0d8732f762bb90ddccb5482683677	6a8c34408daee220b364f56261db307a68c0d8732f762bb90ddccb5482683677	
UploadFiles/xwzx/2024/12/202412041501067384.gif	UploadFiles/xwzx/2024/12/202412041501067384.gif	1007	163cc66ea50ed88a0477749b55dbe6b10fd3d1d183af23c0081b1e74f0b4df48	163cc66ea50ed88a0477749b55dbe6b10fd3d1d183af23c0081b1e74f0b4df48	
UploadFiles/xwzx/2024/12/202412041508170733.png	UploadFiles/xwzx/2024/12/202412041508170733.png	105234	f6b33b2753a89729dd85a5dfc72b30ab55011aab418a7cbdf0bf374c18e99917	f6b33b2753a89729dd85a5dfc72b30ab55011aab418a7cbdf0bf374c18e99917	
UploadFiles/xwzx/2024/12/202412041546230786.png	UploadFiles/xwzx/2024/12/202412041546230786.png	72798	81f15122cc9ae766dc823437ec9ad5a4907334a35299c961f47f699df9a4786e	81f15122cc9ae766dc823437ec9ad5a4907334a35299c961f47f699df9a4786e	
UploadFiles/xwzx/2024/12/202412050917068142.gif	UploadFiles/xwzx/2024/12/202412050917068142.gif	1012	62c86a7776611273707faece405890b74a8c521b17a73e339875d8aa4f9ca361	62c86a7776611273707faece405890b74a8c521b17a73e339875d8aa4f9ca361	
UploadFiles/xwzx/2024/12/202412050946033826.JPEG	UploadFiles/xwzx/2024/12/202412050946033826.JPEG	1158951	22efa5d2d73f2a099ee92f6c70ea1f5a708103a3352752af277eb24ee7797e8d	22efa5d2d73f2a099ee92f6c70ea1f5a708103a3352752af277eb24ee7797e8d	
UploadFiles/xwzx/2024/12/202412050946039897.JPEG	UploadFiles/xwzx/2024/12/202412050946039897.JPEG	1095709	f548f6d5ec375bbeadacdf07d4507d4afa41838e0b57a63164530f8a0c7f584e	f548f6d5ec375bbeadacdf07d4507d4afa41838e0b57a63164530f8a0c7f584e	
UploadFiles/xwzx/2024/12/202412050946042390.JPEG	UploadFiles/xwzx/2024/12/202412050946042390.JPEG	1135313	8f9be4e59847d629ad95b4801ac4db40f34ad17487364bbbd5d32d4c87e8f4c2	8f9be4e59847d629ad95b4801ac4db40f34ad17487364bbbd5d32d4c87e8f4c2	
UploadFiles/xwzx/2024/12/202412050946044460.JPEG	UploadFiles/xwzx/2024/12/202412050946044460.JPEG	1154754	f21b20451d4f31fa74114dc34d243f149aaac568718abf5bcffab95aacf35de1	f21b20451d4f31fa74114dc34d243f149aaac568718abf5bcffab95aacf35de1	
UploadFiles/xwzx/2024/12/202412050946045110.JPEG	UploadFiles/xwzx/2024/12/202412050946045110.JPEG	907439	d4c17dc18963c6c58efda7770df29047a0cae105942843d4dda45d6906413c21	d4c17dc18963c6c58efda7770df29047a0cae105942843d4dda45d6906413c21	
UploadFiles/xwzx/2024/12/202412050946048616.JPEG	UploadFiles/xwzx/2024/12/202412050946048616.JPEG	1271618	f24e215a4a24483d37388d05c449bdf5fe04a187dca0ca4e5d897636950e2f40	f24e215a4a24483d37388d05c449bdf5fe04a187dca0ca4e5d897636950e2f40	
UploadFiles/xwzx/2024/12/202412050946050540.JPEG	UploadFiles/xwzx/2024/12/202412050946050540.JPEG	1293970	651638bb74a833c64dc073bc096b99a4f0277fe0491ddb8c5a2b13a816a8801f	651638bb74a833c64dc073bc096b99a4f0277fe0491ddb8c5a2b13a816a8801f	
UploadFiles/xwzx/2024/12/202412051507430702.png	UploadFiles/xwzx/2024/12/202412051507430702.png	105353	3bb64939cb39262a05f3043d7a9c6bd27c4911642b5319520f2431d628b83c64	3bb64939cb39262a05f3043d7a9c6bd27c4911642b5319520f2431d628b83c64	
UploadFiles/xwzx/2024/12/202412051520406593.gif	UploadFiles/xwzx/2024/12/202412051520406593.gif	1012	62c86a7776611273707faece405890b74a8c521b17a73e339875d8aa4f9ca361	62c86a7776611273707faece405890b74a8c521b17a73e339875d8aa4f9ca361	
UploadFiles/xwzx/2024/12/202412061303410934.png	UploadFiles/xwzx/2024/12/202412061303410934.png	84639	21c7757322ebe2bdf1a15865475370fca4e7de6779b50f32fda1f29febb4513e	21c7757322ebe2bdf1a15865475370fca4e7de6779b50f32fda1f29febb4513e	
UploadFiles/xwzx/2024/12/202412061303415808.png	UploadFiles/xwzx/2024/12/202412061303415808.png	67661	4490de4c37f70e58155b0b0518ff0306998389b43047ae0bc535d9e1122fea72	4490de4c37f70e58155b0b0518ff0306998389b43047ae0bc535d9e1122fea72	
UploadFiles/xwzx/2024/12/202412061459233435.png	UploadFiles/xwzx/2024/12/202412061459233435.png	99286	5205f3583a86ca7980f5d34c5aea44ad081485233e6b41f4f54cae088b143cf5	5205f3583a86ca7980f5d34c5aea44ad081485233e6b41f4f54cae088b143cf5	
UploadFiles/xwzx/2024/12/202412061637439086.png	UploadFiles/xwzx/2024/12/202412061637439086.png	37292	ded0b5b6bcb323c347927a991e036f6d1e24f19a06847aca014bea92ead95ffc	ded0b5b6bcb323c347927a991e036f6d1e24f19a06847aca014bea92ead95ffc	
UploadFiles/xwzx/2024/12/202412071641400225.PNG	UploadFiles/xwzx/2024/12/202412071641400225.PNG	13847	f1407a12c18294a845b6dc22b0d7572063809ecfdd81cc251c7bff16fefd40d1	f1407a12c18294a845b6dc22b0d7572063809ecfdd81cc251c7bff16fefd40d1	
UploadFiles/xwzx/2024/12/202412071641436603.PNG	UploadFiles/xwzx/2024/12/202412071641436603.PNG	22670	cf285da00dc6e1b0287ed67264633e164f5265a969e0644adb94d5cd8af76321	cf285da00dc6e1b0287ed67264633e164f5265a969e0644adb94d5cd8af76321	
UploadFiles/xwzx/2024/12/202412090810286780.PNG	UploadFiles/xwzx/2024/12/202412090810286780.PNG	410031	580a4232dd636417970932a234f6e6dd1823c21ca8a69ed6122c69ce30525b09	580a4232dd636417970932a234f6e6dd1823c21ca8a69ed6122c69ce30525b09	
UploadFiles/xwzx/2024/12/202412090810313809.PNG	UploadFiles/xwzx/2024/12/202412090810313809.PNG	234875	2a2f1a75fe3e6df2247bb82893cfac02377b0add73ff276097816af8143ecb42	2a2f1a75fe3e6df2247bb82893cfac02377b0add73ff276097816af8143ecb42	
UploadFiles/xwzx/2024/12/202412091026193024.png	UploadFiles/xwzx/2024/12/202412091026193024.png	98997	ccad79b6cbbfc2ff14a28a7157f6c0b4a1baa309d0c9e85d9eacc5e7720e19ff	ccad79b6cbbfc2ff14a28a7157f6c0b4a1baa309d0c9e85d9eacc5e7720e19ff	
UploadFiles/xwzx/2024/12/202412091028408804.png	UploadFiles/xwzx/2024/12/202412091028408804.png	99554	1dbb17f44431248e9fd23a0ff5a99decc20e6d2380569b45292168c408eb3b42	1dbb17f44431248e9fd23a0ff5a99decc20e6d2380569b45292168c408eb3b42	
UploadFiles/xwzx/2024/12/202412091033150022.png	UploadFiles/xwzx/2024/12/202412091033150022.png	99294	567d9bdb2aa3292929714dbb91010653db8f68ecdfc92a679d070f62d7440714	567d9bdb2aa3292929714dbb91010653db8f68ecdfc92a679d070f62d7440714	
UploadFiles/xwzx/2024/12/202412111047428557.png	UploadFiles/xwzx/2024/12/202412111047428557.png	214982	db60a82e52fb3b9e7b206a5a220b4b4e8d76df2f62d48392ac1f1fb1e893fa8e	db60a82e52fb3b9e7b206a5a220b4b4e8d76df2f62d48392ac1f1fb1e893fa8e	
UploadFiles/xwzx/2024/12/202412111413575676.png	UploadFiles/xwzx/2024/12/202412111413575676.png	13011	73ff0c7175c3ceb8783903d8dfb84d3ee2a41932e35a2d4f5b8cd2a9d3cba8ee	73ff0c7175c3ceb8783903d8dfb84d3ee2a41932e35a2d4f5b8cd2a9d3cba8ee	
UploadFiles/xwzx/2024/12/202412111429206723.png	UploadFiles/xwzx/2024/12/202412111429206723.png	29689	dfac658119b5c62dd55e17141fe8d340c70d69024097eedeb194aa16408dbb92	dfac658119b5c62dd55e17141fe8d340c70d69024097eedeb194aa16408dbb92	
UploadFiles/xwzx/2024/12/202412111430133970.png	UploadFiles/xwzx/2024/12/202412111430133970.png	30481	565e775a668e73c94ab357d546ebae3863e972e4280dd0e4e8150b2ed4be545e	565e775a668e73c94ab357d546ebae3863e972e4280dd0e4e8150b2ed4be545e	
UploadFiles/xwzx/2024/12/202412120918022526.jpg	UploadFiles/xwzx/2024/12/202412120918022526.jpg	6993395	91ddb50c4dc8c4c5329616d9e92c64fe2698d2a18801ab4b052990876d0d83a7	91ddb50c4dc8c4c5329616d9e92c64fe2698d2a18801ab4b052990876d0d83a7	
UploadFiles/xwzx/2024/12/202412120918030266.jpg	UploadFiles/xwzx/2024/12/202412120918030266.jpg	8481862	55c3815390b9d6342926a9c9af585b0627587cd67d64a3cf097485d632dfa15b	55c3815390b9d6342926a9c9af585b0627587cd67d64a3cf097485d632dfa15b	
UploadFiles/xwzx/2024/12/202412120918176226.jpg	UploadFiles/xwzx/2024/12/202412120918176226.jpg	2692421	925994cbfc76c714ea4eff7e728b2acf9ba387ff07b98f4eebf54c9652eee168	925994cbfc76c714ea4eff7e728b2acf9ba387ff07b98f4eebf54c9652eee168	
UploadFiles/xwzx/2024/12/202412120919583471.png	UploadFiles/xwzx/2024/12/202412120919583471.png	969078	a032b17a45e009e098891a46857aeab655fbe4b0f40311ac003e60b0db2ef8c0	a032b17a45e009e098891a46857aeab655fbe4b0f40311ac003e60b0db2ef8c0	
UploadFiles/xwzx/2024/12/202412120919584161.png	UploadFiles/xwzx/2024/12/202412120919584161.png	1198711	a2a2fb7cd7cf2731fec1a40efdc221d026900bfc6309c686ffe315eba1f7196e	a2a2fb7cd7cf2731fec1a40efdc221d026900bfc6309c686ffe315eba1f7196e	
UploadFiles/xwzx/2024/12/202412120919584692.png	UploadFiles/xwzx/2024/12/202412120919584692.png	1341571	f2a2993b32cd913b1200e734a3a2eecf8555ea8ea9dc79202f31f8216f4d0f6e	f2a2993b32cd913b1200e734a3a2eecf8555ea8ea9dc79202f31f8216f4d0f6e	
UploadFiles/xwzx/2024/12/202412120920001184.png	UploadFiles/xwzx/2024/12/202412120920001184.png	4975989	a6cbde74116b9ac0be167a1803e8c491c785f1233d89fa18e0d07be5087da26a	a6cbde74116b9ac0be167a1803e8c491c785f1233d89fa18e0d07be5087da26a	
UploadFiles/xwzx/2024/12/202412130832149669.png	UploadFiles/xwzx/2024/12/202412130832149669.png	100999	711fcfffe3ac7164622139f181bc4f85034f451b63dad4789f64971bc41aa722	711fcfffe3ac7164622139f181bc4f85034f451b63dad4789f64971bc41aa722	
UploadFiles/xwzx/2024/12/202412131030315057.gif	UploadFiles/xwzx/2024/12/202412131030315057.gif	1012	62c86a7776611273707faece405890b74a8c521b17a73e339875d8aa4f9ca361	62c86a7776611273707faece405890b74a8c521b17a73e339875d8aa4f9ca361	
UploadFiles/xwzx/2024/12/202412131042430277.png	UploadFiles/xwzx/2024/12/202412131042430277.png	72803	32121bf0859f8e1a1772f3511de4ea22548c28e6e224e4aace87f6c68fa54734	32121bf0859f8e1a1772f3511de4ea22548c28e6e224e4aace87f6c68fa54734	
UploadFiles/xwzx/2024/12/202412131520117430.png	UploadFiles/xwzx/2024/12/202412131520117430.png	105671	5886cd9d4fd7df8195852b2e7a0c9d6144b8d5be9161bee3a832798a886346ea	5886cd9d4fd7df8195852b2e7a0c9d6144b8d5be9161bee3a832798a886346ea	
UploadFiles/xwzx/2024/12/202412161415052035.png	UploadFiles/xwzx/2024/12/202412161415052035.png	104028	58c474320c1f4722a2fd0152c1d28484c13dd7fd9a82f1e861c55ac39fe73f32	58c474320c1f4722a2fd0152c1d28484c13dd7fd9a82f1e861c55ac39fe73f32	
UploadFiles/xwzx/2024/12/202412171452448935.png	UploadFiles/xwzx/2024/12/202412171452448935.png	9096	e9ca35b07ef6ef0aca380510cab934964bf1ffbda54e018f0d8a33044e90d103	e9ca35b07ef6ef0aca380510cab934964bf1ffbda54e018f0d8a33044e90d103	
UploadFiles/xwzx/2024/12/202412171459271489.png	UploadFiles/xwzx/2024/12/202412171459271489.png	100821	45fa4584d5004fd1a93ca8fc586a6e48c4f6cd2aa48a323907d10e0bd373689f	45fa4584d5004fd1a93ca8fc586a6e48c4f6cd2aa48a323907d10e0bd373689f	
UploadFiles/xwzx/2024/12/202412171556516379.png	UploadFiles/xwzx/2024/12/202412171556516379.png	10039	d416078bb7462bc375a70b95ad74a9f68d7db77ea3124a4245d30b0f3d347063	d416078bb7462bc375a70b95ad74a9f68d7db77ea3124a4245d30b0f3d347063	
UploadFiles/xwzx/2024/12/202412180842477179.jpg	UploadFiles/xwzx/2024/12/202412180842477179.jpg	221472	9522c62e3904fb8f877ac5e6ca4ba43a71f01a8b30dda456e84d654cba24404c	9522c62e3904fb8f877ac5e6ca4ba43a71f01a8b30dda456e84d654cba24404c	
UploadFiles/xwzx/2024/12/202412180842478643.jpg	UploadFiles/xwzx/2024/12/202412180842478643.jpg	199301	4a0f9fd3cabf2f500faf1e61cc43b4fd8641f66db927aad100bfef72b9c99127	4a0f9fd3cabf2f500faf1e61cc43b4fd8641f66db927aad100bfef72b9c99127	
UploadFiles/xwzx/2024/12/202412180842478953.jpg	UploadFiles/xwzx/2024/12/202412180842478953.jpg	346551	c2d5be414bacb0e392f27f6ebee9b86355a60d41dc7dad5935e433fef0d36169	c2d5be414bacb0e392f27f6ebee9b86355a60d41dc7dad5935e433fef0d36169	
UploadFiles/xwzx/2024/12/202412180842479279.jpg	UploadFiles/xwzx/2024/12/202412180842479279.jpg	393394	4534159b5176b90826d1ee3f975b76de2dcd93699074089ec6bf1b24ef6ff689	4534159b5176b90826d1ee3f975b76de2dcd93699074089ec6bf1b24ef6ff689	
UploadFiles/xwzx/2024/12/202412180842480011.jpg	UploadFiles/xwzx/2024/12/202412180842480011.jpg	191224	862b8592d382fbc9dc1b97c319c33e160df7cf9a8192cefab9916f5df0fb098d	862b8592d382fbc9dc1b97c319c33e160df7cf9a8192cefab9916f5df0fb098d	
UploadFiles/xwzx/2024/12/202412180842480440.jpg	UploadFiles/xwzx/2024/12/202412180842480440.jpg	339897	24c9a4306426c8e3f53df76fb43a38588ceb9e8eca3f103b407870792b1be28e	24c9a4306426c8e3f53df76fb43a38588ceb9e8eca3f103b407870792b1be28e	
UploadFiles/xwzx/2024/12/202412180842482849.jpg	UploadFiles/xwzx/2024/12/202412180842482849.jpg	392415	c70f83a4ea08a6b53ea054cedf7438366b0b18bc89396601437fd898a9bb251d	c70f83a4ea08a6b53ea054cedf7438366b0b18bc89396601437fd898a9bb251d	
UploadFiles/xwzx/2024/12/202412180842493900.jpg	UploadFiles/xwzx/2024/12/202412180842493900.jpg	235420	44aea1c5154b5ef576749c53bf5931b56dd53b1a249482c7cd250905f3e56b51	44aea1c5154b5ef576749c53bf5931b56dd53b1a249482c7cd250905f3e56b51	
UploadFiles/xwzx/2024/12/202412180842497608.jpg	UploadFiles/xwzx/2024/12/202412180842497608.jpg	393087	eed14d02af1e51019ff1b56883d55e9aed078b3eb7078de3ff1942a73725b534	eed14d02af1e51019ff1b56883d55e9aed078b3eb7078de3ff1942a73725b534	
UploadFiles/xwzx/2024/12/202412180842498992.jpg	UploadFiles/xwzx/2024/12/202412180842498992.jpg	251967	f899a62d1cbd0a1f2143ce63f377107e08aceb8cc83dd3ee5531e2111f80b237	f899a62d1cbd0a1f2143ce63f377107e08aceb8cc83dd3ee5531e2111f80b237	
UploadFiles/xwzx/2024/12/202412180842503643.jpg	UploadFiles/xwzx/2024/12/202412180842503643.jpg	2730640	b837fa09bbc4071a312bfb9c63c1ff1fc5ea0af323c5d4380500ab90581eab07	b837fa09bbc4071a312bfb9c63c1ff1fc5ea0af323c5d4380500ab90581eab07	
UploadFiles/xwzx/2024/12/202412180842505663.jpg	UploadFiles/xwzx/2024/12/202412180842505663.jpg	182468	46d59ef8f503daaa49bcd51b4fb8c3fb27eafa358c1102566b44d6bfb37e6da8	46d59ef8f503daaa49bcd51b4fb8c3fb27eafa358c1102566b44d6bfb37e6da8	
UploadFiles/xwzx/2024/12/202412180842508920.jpg	UploadFiles/xwzx/2024/12/202412180842508920.jpg	555387	e504fd29b570b72813307f363891c61c3a08e45ab50de0c47b9a5789fb0acf90	e504fd29b570b72813307f363891c61c3a08e45ab50de0c47b9a5789fb0acf90	
UploadFiles/xwzx/2024/12/202412180842511400.jpg	UploadFiles/xwzx/2024/12/202412180842511400.jpg	308714	c5ee256c9ec9dda003fb744c546f95c6939b3dc40f042eda0b4d5892515e91b3	c5ee256c9ec9dda003fb744c546f95c6939b3dc40f042eda0b4d5892515e91b3	
UploadFiles/xwzx/2024/12/202412180842513983.jpg	UploadFiles/xwzx/2024/12/202412180842513983.jpg	2843493	29b7783283c59947e09bbd9bc96d16df776ce7ce6c58328010e09bd943f27d87	29b7783283c59947e09bbd9bc96d16df776ce7ce6c58328010e09bd943f27d87	
UploadFiles/xwzx/2024/12/202412180842518557.jpg	UploadFiles/xwzx/2024/12/202412180842518557.jpg	348330	fe38ca2e35157f9cea85e5ff2284bc2598bfe39679f1481e3bde39ebcd4568b6	fe38ca2e35157f9cea85e5ff2284bc2598bfe39679f1481e3bde39ebcd4568b6	
UploadFiles/xwzx/2024/12/202412180842518769.jpg	UploadFiles/xwzx/2024/12/202412180842518769.jpg	420398	7d72e0d887b3d8193f237f7bb39e5f655472dc99b3a95691aa120b7cd3b4f31e	7d72e0d887b3d8193f237f7bb39e5f655472dc99b3a95691aa120b7cd3b4f31e	
UploadFiles/xwzx/2024/12/202412180842521523.jpg	UploadFiles/xwzx/2024/12/202412180842521523.jpg	286649	91a8d67862bd37239623da063f2b3f439bef2cc5c9362f76b486ba2e96862a93	91a8d67862bd37239623da063f2b3f439bef2cc5c9362f76b486ba2e96862a93	
UploadFiles/xwzx/2024/12/202412181114247718.png	UploadFiles/xwzx/2024/12/202412181114247718.png	10038	ffe706bd74c5a427336a01a69e22be056eaceea9795c5ae7454172ff69998ce8	ffe706bd74c5a427336a01a69e22be056eaceea9795c5ae7454172ff69998ce8	
UploadFiles/xwzx/2024/12/202412181422382516.png	UploadFiles/xwzx/2024/12/202412181422382516.png	48032	a30d7cbd3f7938e138ef9677fb995dd1b1cef664c7e9d638e40a83c5fd75a5da	a30d7cbd3f7938e138ef9677fb995dd1b1cef664c7e9d638e40a83c5fd75a5da	
UploadFiles/xwzx/2024/12/202412181630192200.png	UploadFiles/xwzx/2024/12/202412181630192200.png	99503	25e6afc312caf51ebb5ea84f2e91616c1d711bd6c186544f7f91f3839840e7b4	25e6afc312caf51ebb5ea84f2e91616c1d711bd6c186544f7f91f3839840e7b4	
UploadFiles/xwzx/2024/12/202412191022537178.png	UploadFiles/xwzx/2024/12/202412191022537178.png	47985	ef33620e5d3908b11221f27f71dffaaf653f0922a16c85f9dbd0b08e57937fd4	ef33620e5d3908b11221f27f71dffaaf653f0922a16c85f9dbd0b08e57937fd4	
UploadFiles/xwzx/2024/12/202412191022537801.png	UploadFiles/xwzx/2024/12/202412191022537801.png	37550	abec2252115607ddfd399105ac41ba06d20aa2c2e01147c9caf398ae1a6ff949	abec2252115607ddfd399105ac41ba06d20aa2c2e01147c9caf398ae1a6ff949	
UploadFiles/xwzx/2024/12/202412191101524540.jpg	UploadFiles/xwzx/2024/12/202412191101524540.jpg	385080	dc068724b27b0a5d1482472924bb66bea6ba4a98a7cba6dfc0588dcc9f0080ff	dc068724b27b0a5d1482472924bb66bea6ba4a98a7cba6dfc0588dcc9f0080ff	
UploadFiles/xwzx/2024/12/202412191101530025.jpg	UploadFiles/xwzx/2024/12/202412191101530025.jpg	220174	dfa97818d27c6f3201809c4e096a8fd7bde0c015ea1d7eacec2b0efea1621b57	dfa97818d27c6f3201809c4e096a8fd7bde0c015ea1d7eacec2b0efea1621b57	
UploadFiles/xwzx/2024/12/202412191101530432.jpg	UploadFiles/xwzx/2024/12/202412191101530432.jpg	318489	22069c90d97bee2935b578668a9ad694e9cbe9b69f96c2198123b90a10406ed0	22069c90d97bee2935b578668a9ad694e9cbe9b69f96c2198123b90a10406ed0	
UploadFiles/xwzx/2024/12/202412191101531064.jpg	UploadFiles/xwzx/2024/12/202412191101531064.jpg	204989	0e1385f18f2c6da5e9887099d0d82da4d2a3d218d6fe8d47afcc259308e3842c	0e1385f18f2c6da5e9887099d0d82da4d2a3d218d6fe8d47afcc259308e3842c	
UploadFiles/xwzx/2024/12/202412191101531594.jpg	UploadFiles/xwzx/2024/12/202412191101531594.jpg	271842	2554bfb4e293289c1375f2e08606b0c9af55bff7e0fd1360ec30f36299f3bbd4	2554bfb4e293289c1375f2e08606b0c9af55bff7e0fd1360ec30f36299f3bbd4	
UploadFiles/xwzx/2024/12/202412191101533963.jpg	UploadFiles/xwzx/2024/12/202412191101533963.jpg	178799	88a5feda0b2aaf5b67273cf8da283103e0eab57a279cf22c7091b3bf969890d8	88a5feda0b2aaf5b67273cf8da283103e0eab57a279cf22c7091b3bf969890d8	
UploadFiles/xwzx/2024/12/202412191101535115.jpg	UploadFiles/xwzx/2024/12/202412191101535115.jpg	268640	018a24e47570eea0119a17e4e8546478b19a834d67c10366c71edfff43496762	018a24e47570eea0119a17e4e8546478b19a834d67c10366c71edfff43496762	
UploadFiles/xwzx/2024/12/202412191101537276.jpg	UploadFiles/xwzx/2024/12/202412191101537276.jpg	408711	e3fe8ee4c7c670a8520b56923657482a0bedc15f0d580c4e16f6bf5fdaa55b95	e3fe8ee4c7c670a8520b56923657482a0bedc15f0d580c4e16f6bf5fdaa55b95	
UploadFiles/xwzx/2024/12/202412191101540468.jpg	UploadFiles/xwzx/2024/12/202412191101540468.jpg	340342	6a5d1eafb864e359235711d2de6600aa52950854e4508421494e1b45b7ded7db	6a5d1eafb864e359235711d2de6600aa52950854e4508421494e1b45b7ded7db	
UploadFiles/xwzx/2024/12/202412201206579494.gif	UploadFiles/xwzx/2024/12/202412201206579494.gif	970	2e20adfa5746298c73e199693934f04f5416d373daa6dd0d5e73a337f2f36dff	2e20adfa5746298c73e199693934f04f5416d373daa6dd0d5e73a337f2f36dff	
UploadFiles/xwzx/2024/12/202412201645156813.png	UploadFiles/xwzx/2024/12/202412201645156813.png	72885	fb1d0a6de3425e6b94cd482d048298b49f20dd5d895c5d4a69d8584523859f3a	fb1d0a6de3425e6b94cd482d048298b49f20dd5d895c5d4a69d8584523859f3a	
UploadFiles/xwzx/2024/12/202412230850467144.png	UploadFiles/xwzx/2024/12/202412230850467144.png	31876	3f5f381df33e5770474ac0832e3b9893e9e7b7f7950b0079d406ad0fb1406950	3f5f381df33e5770474ac0832e3b9893e9e7b7f7950b0079d406ad0fb1406950	
UploadFiles/xwzx/2024/12/202412231026569198.png	UploadFiles/xwzx/2024/12/202412231026569198.png	99491	a0c85ff89122e36689ccd6478e9de809e6e5c8a156850243979744f5aa3a9e23	a0c85ff89122e36689ccd6478e9de809e6e5c8a156850243979744f5aa3a9e23	
UploadFiles/xwzx/2024/12/202412231034132097.png	UploadFiles/xwzx/2024/12/202412231034132097.png	70465	b3c87d575b251a8d711efe53d713bd44d6bd6f467ace81b4392dcdad4f18f557	b3c87d575b251a8d711efe53d713bd44d6bd6f467ace81b4392dcdad4f18f557	
UploadFiles/xwzx/2024/12/202412231051084608.png	UploadFiles/xwzx/2024/12/202412231051084608.png	106039	d8cd9488a12108c79671ec8890569a1e63201c1c954023b26a8b896ed994d241	d8cd9488a12108c79671ec8890569a1e63201c1c954023b26a8b896ed994d241	
UploadFiles/xwzx/2024/12/202412231558519169.png	UploadFiles/xwzx/2024/12/202412231558519169.png	19777	e5e593de2fb0d48bf8f2195dde4b425576db2b735dbd06a1a00a9c7ca7ea9b22	e5e593de2fb0d48bf8f2195dde4b425576db2b735dbd06a1a00a9c7ca7ea9b22	
UploadFiles/xwzx/2024/12/202412231559125093.png	UploadFiles/xwzx/2024/12/202412231559125093.png	69237	a6770e527c121f8079365aae57efe77e98de4dca46d2ec7699cc19be8e596495	a6770e527c121f8079365aae57efe77e98de4dca46d2ec7699cc19be8e596495	
UploadFiles/xwzx/2024/12/202412240939297285.png	UploadFiles/xwzx/2024/12/202412240939297285.png	30635	494f20d7db9e5fa8d6ce8f0027678f0d31ed84d36c095312763c91fef4317207	494f20d7db9e5fa8d6ce8f0027678f0d31ed84d36c095312763c91fef4317207	
UploadFiles/xwzx/2024/12/202412241404398343.png	UploadFiles/xwzx/2024/12/202412241404398343.png	6465	d202f6a088bdea61d4e021be07e6e3ed1b81cbdfff28dd3f55184842903bfcc2	d202f6a088bdea61d4e021be07e6e3ed1b81cbdfff28dd3f55184842903bfcc2	
UploadFiles/xwzx/2024/12/202412251425598054.png	UploadFiles/xwzx/2024/12/202412251425598054.png	72734	955a326a25362d91b53ae20d213f4cfed6d8eb4ec6355489db5eb965e3714ebf	955a326a25362d91b53ae20d213f4cfed6d8eb4ec6355489db5eb965e3714ebf	
UploadFiles/xwzx/2024/12/202412251426212324.png	UploadFiles/xwzx/2024/12/202412251426212324.png	72785	0459b11f44cecfb15ae27daccca4c78be49c8ee53d5d10a54d940305903eebfc	0459b11f44cecfb15ae27daccca4c78be49c8ee53d5d10a54d940305903eebfc	
UploadFiles/xwzx/2024/12/202412251430285629.png	UploadFiles/xwzx/2024/12/202412251430285629.png	100920	fe34dc3446bbe9a01b4562ddab8e87f1c706f2987c1a45b70a32af3fc4b1c826	fe34dc3446bbe9a01b4562ddab8e87f1c706f2987c1a45b70a32af3fc4b1c826	
UploadFiles/xwzx/2024/12/202412251431399198.png	UploadFiles/xwzx/2024/12/202412251431399198.png	100102	8e01e8b16607eb3940edee3b348456bfef7aae3e633d3b059ea51bf5321010a4	8e01e8b16607eb3940edee3b348456bfef7aae3e633d3b059ea51bf5321010a4	
UploadFiles/xwzx/2024/12/202412251433166219.png	UploadFiles/xwzx/2024/12/202412251433166219.png	102187	5a7dbd431738271a1c59d044700384684c8b594b81d19643507a7a10a220ed75	5a7dbd431738271a1c59d044700384684c8b594b81d19643507a7a10a220ed75	
UploadFiles/xwzx/2024/12/202412260821310200.png	UploadFiles/xwzx/2024/12/202412260821310200.png	105845	f4c67ae214f36b75ee228d77dfc896c5d5fa41fab956091f86fc882cd45535d0	f4c67ae214f36b75ee228d77dfc896c5d5fa41fab956091f86fc882cd45535d0	
UploadFiles/xwzx/2024/12/202412261011406182.png	UploadFiles/xwzx/2024/12/202412261011406182.png	105532	9dba7c671f9340c893518a3127ab710d13a52e0e88af6733cae6755abe0fe273	9dba7c671f9340c893518a3127ab710d13a52e0e88af6733cae6755abe0fe273	
UploadFiles/xwzx/2024/12/202412261314496385.png	UploadFiles/xwzx/2024/12/202412261314496385.png	26123	afcf9d1d7d7304b8f215fee19e617b41ef77328d35fe83f80cdc81b8a7e9eeb8	afcf9d1d7d7304b8f215fee19e617b41ef77328d35fe83f80cdc81b8a7e9eeb8	
UploadFiles/xwzx/2024/12/202412261327140511.jpg	UploadFiles/xwzx/2024/12/202412261327140511.jpg	56109	fd1494ba27bca4276df56d5851466931d77ea614b47cc0391025a4ee4f7778fd	fd1494ba27bca4276df56d5851466931d77ea614b47cc0391025a4ee4f7778fd	
UploadFiles/xwzx/2024/12/202412261327280801.jpg	UploadFiles/xwzx/2024/12/202412261327280801.jpg	62323	62d4e20e3a55481776f21b89f755609ffd3a7d8168edd37a321124a9652282ec	62d4e20e3a55481776f21b89f755609ffd3a7d8168edd37a321124a9652282ec	
UploadFiles/xwzx/2024/12/202412261327281466.jpg	UploadFiles/xwzx/2024/12/202412261327281466.jpg	52975	36b63cce9a9f086bca9cdce195795b0843dded3654313f4f0f4c0c4d2afef3ad	36b63cce9a9f086bca9cdce195795b0843dded3654313f4f0f4c0c4d2afef3ad	
UploadFiles/xwzx/2024/12/202412261529373926.png	UploadFiles/xwzx/2024/12/202412261529373926.png	105333	e23bd9b27d0e42a5d1e6575ae3d9c631765817049ecad5a529930186d27d615b	e23bd9b27d0e42a5d1e6575ae3d9c631765817049ecad5a529930186d27d615b	
UploadFiles/xwzx/2024/12/202412270850009184.png	UploadFiles/xwzx/2024/12/202412270850009184.png	44100	4e7a17ddd39e46a4c77b8ce01abbcf03954f7eca6f4ca8b103b94149b34482b8	4e7a17ddd39e46a4c77b8ce01abbcf03954f7eca6f4ca8b103b94149b34482b8	
UploadFiles/xwzx/2024/12/202412271420108443.png	UploadFiles/xwzx/2024/12/202412271420108443.png	46322	2bb1da2b269acf9c30450a16a3a1027ac95f6bcdaa81db776e27055ea874445c	2bb1da2b269acf9c30450a16a3a1027ac95f6bcdaa81db776e27055ea874445c	
UploadFiles/xwzx/2024/12/202412271420108726.png	UploadFiles/xwzx/2024/12/202412271420108726.png	35106	49912cfc101d9197eced30180b679f67a97ae40073536cc96841dde253d20489	49912cfc101d9197eced30180b679f67a97ae40073536cc96841dde253d20489	
UploadFiles/xwzx/2024/12/202412271424191663.png	UploadFiles/xwzx/2024/12/202412271424191663.png	72899	180a781f01bac3c39e7a26c47d1311cfba53d9f91834e13f74195c9c1c04f926	180a781f01bac3c39e7a26c47d1311cfba53d9f91834e13f74195c9c1c04f926	
UploadFiles/xwzx/2024/12/202412300854396112.png	UploadFiles/xwzx/2024/12/202412300854396112.png	106230	076877a51e8399c5df6cfb37f2b57bbe4cb5afab93d9b6b9e653ce86a4eb64d3	076877a51e8399c5df6cfb37f2b57bbe4cb5afab93d9b6b9e653ce86a4eb64d3	
UploadFiles/xwzx/2024/12/202412300856123508.png	UploadFiles/xwzx/2024/12/202412300856123508.png	72628	e40590a23f8f1ed321736438501252d87113ce260fa012cc78cf9618599dab5b	e40590a23f8f1ed321736438501252d87113ce260fa012cc78cf9618599dab5b	
UploadFiles/xwzx/2024/12/202412300923536983.png	UploadFiles/xwzx/2024/12/202412300923536983.png	105691	6760e3486003c488c30956f53c31f0096763dbe26a32b0e29db465270eb2fafd	6760e3486003c488c30956f53c31f0096763dbe26a32b0e29db465270eb2fafd	
UploadFiles/xwzx/2024/12/202412300927406099.png	UploadFiles/xwzx/2024/12/202412300927406099.png	100735	7847bde79242ef9f960686f8385a0bf74bc5514b20ca07c1a125142de3adc79d	7847bde79242ef9f960686f8385a0bf74bc5514b20ca07c1a125142de3adc79d	
UploadFiles/xwzx/2024/12/202412300928540805.png	UploadFiles/xwzx/2024/12/202412300928540805.png	107087	b93462ce60e5bbdb92cef0e08cd9b17882ea962e8d67f7999e17d4b5610f5daf	b93462ce60e5bbdb92cef0e08cd9b17882ea962e8d67f7999e17d4b5610f5daf	
UploadFiles/xwzx/2024/12/202412301050033017.png	UploadFiles/xwzx/2024/12/202412301050033017.png	102053	1f1eaae6c3665b1b187e619d6c64675318196c8d518a88ce98ec86368c71a315	1f1eaae6c3665b1b187e619d6c64675318196c8d518a88ce98ec86368c71a315	
UploadFiles/xwzx/2024/12/202412301413394919.png	UploadFiles/xwzx/2024/12/202412301413394919.png	547273	7d77bffe8175d71fb41b751b0e158440a77e18ff7214b9504cd4a8621d4596a4	7d77bffe8175d71fb41b751b0e158440a77e18ff7214b9504cd4a8621d4596a4	
UploadFiles/xwzx/2024/12/202412310728184002.png	UploadFiles/xwzx/2024/12/202412310728184002.png	42637	85b63fa282900ae6a4212d98c38c981137eced2fe4bba45ae13bf8b2aafeb8fa	85b63fa282900ae6a4212d98c38c981137eced2fe4bba45ae13bf8b2aafeb8fa	
UploadFiles/xwzx/2024/12/202412310854211057.png	UploadFiles/xwzx/2024/12/202412310854211057.png	85931	590d1c24f2e060299955f1c1e549b22214fbfce445046a60f6bc148ab6e9ef46	590d1c24f2e060299955f1c1e549b22214fbfce445046a60f6bc148ab6e9ef46	
UploadFiles/xwzx/2024/12/202412311423007243.png	UploadFiles/xwzx/2024/12/202412311423007243.png	99504	c814ccf7e8cf554a8068163abd199d6d14d26f318b6ab09bc36614cb4a0df0de	c814ccf7e8cf554a8068163abd199d6d14d26f318b6ab09bc36614cb4a0df0de	
UploadFiles/xwzx/2024/12/202412311508135794.png	UploadFiles/xwzx/2024/12/202412311508135794.png	100603	65a2e9b30fad7b9ec81e198c58da6dc6bb2e66e7b0743eb0ae3304be435db245	65a2e9b30fad7b9ec81e198c58da6dc6bb2e66e7b0743eb0ae3304be435db245	
UploadFiles/xwzx/2024/2/202402021523270855.png	UploadFiles/xwzx/2024/2/202402021523270855.png	121271	a8770c916775f38e1dc9c18e0550776532fce9694534682662bfa172c3e3d3e4	a8770c916775f38e1dc9c18e0550776532fce9694534682662bfa172c3e3d3e4	
UploadFiles/xwzx/2024/2/202402021523314019.png	UploadFiles/xwzx/2024/2/202402021523314019.png	115637	878e14541e890defa57081a0a641e7bcd9073f9b72f8f411de188ca0ca9c406a	878e14541e890defa57081a0a641e7bcd9073f9b72f8f411de188ca0ca9c406a	
UploadFiles/xwzx/2024/2/202402021523347969.png	UploadFiles/xwzx/2024/2/202402021523347969.png	140333	f12ec755b2862af38a219c79e02d082d0298b270b0514f95b7dbe74b9b4af373	f12ec755b2862af38a219c79e02d082d0298b270b0514f95b7dbe74b9b4af373	
UploadFiles/xwzx/2024/2/202402021706405962.jpg	UploadFiles/xwzx/2024/2/202402021706405962.jpg	89776	5682dd7ebe559c1c2625fa4c939c188bcd50874346c9a8a0c51612f809d0db80	5682dd7ebe559c1c2625fa4c939c188bcd50874346c9a8a0c51612f809d0db80	
UploadFiles/xwzx/2024/2/202402021706459245.jpg	UploadFiles/xwzx/2024/2/202402021706459245.jpg	104248	ea0a536e0cd41428f8895851799c5479b6f562ee888cf9043653bab973df334f	ea0a536e0cd41428f8895851799c5479b6f562ee888cf9043653bab973df334f	
UploadFiles/xwzx/2024/2/202402021706486622.jpg	UploadFiles/xwzx/2024/2/202402021706486622.jpg	80943	79d4fb1b2a7b0e28f9b6aa13ff79d69c20d90546bba684cb740f9ec59077fb4b	79d4fb1b2a7b0e28f9b6aa13ff79d69c20d90546bba684cb740f9ec59077fb4b	
UploadFiles/xwzx/2024/2/202402021706526781.jpg	UploadFiles/xwzx/2024/2/202402021706526781.jpg	125004	541df870da1455106a11c5aa7764a1083223e19e6729dde78f0db02daeddbcb8	541df870da1455106a11c5aa7764a1083223e19e6729dde78f0db02daeddbcb8	
UploadFiles/xwzx/2024/2/202402021706559986.jpg	UploadFiles/xwzx/2024/2/202402021706559986.jpg	107972	b8618be0e97729aeeae0e9d453d2e2ba4139840c368d5b56da91c34788b6c1f3	b8618be0e97729aeeae0e9d453d2e2ba4139840c368d5b56da91c34788b6c1f3	
UploadFiles/xwzx/2024/2/202402021706589786.jpg	UploadFiles/xwzx/2024/2/202402021706589786.jpg	123424	8e7d665b57fcbd59fc0e6d76b8dbc6d438ef027f596f814ca6db277c2d0b5f86	8e7d665b57fcbd59fc0e6d76b8dbc6d438ef027f596f814ca6db277c2d0b5f86	
UploadFiles/xwzx/2024/2/202402021707020973.jpg	UploadFiles/xwzx/2024/2/202402021707020973.jpg	123301	dc21025a6f2af3ac0783cb7fb87ba2b23a0de802a37836feda5a9269ce4943d7	dc21025a6f2af3ac0783cb7fb87ba2b23a0de802a37836feda5a9269ce4943d7	
UploadFiles/xwzx/2024/2/202402021707041106.jpg	UploadFiles/xwzx/2024/2/202402021707041106.jpg	107237	41b47e74ab9e8e782449ec7c2e482e94c1e207ce51fb63d142b7ceee85da7177	41b47e74ab9e8e782449ec7c2e482e94c1e207ce51fb63d142b7ceee85da7177	
UploadFiles/xwzx/2024/2/202402021707084285.jpg	UploadFiles/xwzx/2024/2/202402021707084285.jpg	113795	8b3167abe24b36a8c7c67c1fe8ef8986e5e765174acf7307c61c2549c8fbdeb7	8b3167abe24b36a8c7c67c1fe8ef8986e5e765174acf7307c61c2549c8fbdeb7	
UploadFiles/xwzx/2024/2/202402021707120117.jpg	UploadFiles/xwzx/2024/2/202402021707120117.jpg	112388	1200f66589f97548e6d4d302a271aac7707582756fc408324dc789d7a6040dbe	1200f66589f97548e6d4d302a271aac7707582756fc408324dc789d7a6040dbe	
UploadFiles/xwzx/2024/2/202402021707155995.jpg	UploadFiles/xwzx/2024/2/202402021707155995.jpg	53627	5ed1af610b6cb3a069fa5944cdc58b8cc458a38aa94f088af0d29ff362c11ddb	5ed1af610b6cb3a069fa5944cdc58b8cc458a38aa94f088af0d29ff362c11ddb	
UploadFiles/xwzx/2024/2/202402021709068977.gif	UploadFiles/xwzx/2024/2/202402021709068977.gif	996	6a8c34408daee220b364f56261db307a68c0d8732f762bb90ddccb5482683677	6a8c34408daee220b364f56261db307a68c0d8732f762bb90ddccb5482683677	
UploadFiles/xwzx/2024/2/202402191651483643.gif	UploadFiles/xwzx/2024/2/202402191651483643.gif	1012	62c86a7776611273707faece405890b74a8c521b17a73e339875d8aa4f9ca361	62c86a7776611273707faece405890b74a8c521b17a73e339875d8aa4f9ca361	
UploadFiles/xwzx/2024/2/202402231436199255.jpg	UploadFiles/xwzx/2024/2/202402231436199255.jpg	1745026	a3e21afd07bce8a2267bed53b59c45808616ed6b051d11f95da55c57cdc83c7a	a3e21afd07bce8a2267bed53b59c45808616ed6b051d11f95da55c57cdc83c7a	
UploadFiles/xwzx/2024/2/202402231527260834.png	UploadFiles/xwzx/2024/2/202402231527260834.png	77336	e1c750b7d4839469f223f8057e339718edd178c680f8ada7a75806e1476a6d9e	e1c750b7d4839469f223f8057e339718edd178c680f8ada7a75806e1476a6d9e	
UploadFiles/xwzx/2024/2/202402240933509596.jpg	UploadFiles/xwzx/2024/2/202402240933509596.jpg	66394	0a5ae3b50d1e7de02d8e50cd6304dfb652b0859d211a46f60daaaf68dd306b61	0a5ae3b50d1e7de02d8e50cd6304dfb652b0859d211a46f60daaaf68dd306b61	
UploadFiles/xwzx/2024/2/202402240947564852.jpg	UploadFiles/xwzx/2024/2/202402240947564852.jpg	79668	5fcbb79811c168d046e6c9f7cba7fec321068701544018453ce5ff650d244dc6	5fcbb79811c168d046e6c9f7cba7fec321068701544018453ce5ff650d244dc6	
UploadFiles/xwzx/2024/2/202402250820248142.png	UploadFiles/xwzx/2024/2/202402250820248142.png	21072	52a5b4b29b497ab0b18cd051898496913aa35e70ff0f21f6893585f1c0f1f5bf	52a5b4b29b497ab0b18cd051898496913aa35e70ff0f21f6893585f1c0f1f5bf	
UploadFiles/xwzx/2024/2/202402250820249403.png	UploadFiles/xwzx/2024/2/202402250820249403.png	31593	70bdd9c72fe20b8acb1f14595d969adeac8d623a2541007774fd4203e5521124	70bdd9c72fe20b8acb1f14595d969adeac8d623a2541007774fd4203e5521124	
UploadFiles/xwzx/2024/2/202402250842441747.png	UploadFiles/xwzx/2024/2/202402250842441747.png	115172	377703ab0803413da190aa89b5985f62db6d3499463f829e6ccddff7dbb4e886	377703ab0803413da190aa89b5985f62db6d3499463f829e6ccddff7dbb4e886	
UploadFiles/xwzx/2024/2/202402250954355244.JPG	UploadFiles/xwzx/2024/2/202402250954355244.JPG	2464057	1e39bc5c578489900734ecffe9c4f07e3790a0a67377881fc1e08e97f057e00f	1e39bc5c578489900734ecffe9c4f07e3790a0a67377881fc1e08e97f057e00f	
UploadFiles/xwzx/2024/2/202402250954361540.jpg	UploadFiles/xwzx/2024/2/202402250954361540.jpg	4360274	ff56aa1bc8b5acdbf1bc7e506812a4f098fb29a67a640fc1a36f780adc212cfd	ff56aa1bc8b5acdbf1bc7e506812a4f098fb29a67a640fc1a36f780adc212cfd	
UploadFiles/xwzx/2024/2/202402250954366070.JPG	UploadFiles/xwzx/2024/2/202402250954366070.JPG	2414388	c1b163623e09fe1e6a2b139829298b30bcdceeedc7cba7668958d07598fbe03f	c1b163623e09fe1e6a2b139829298b30bcdceeedc7cba7668958d07598fbe03f	
UploadFiles/xwzx/2024/2/202402250954369834.JPG	UploadFiles/xwzx/2024/2/202402250954369834.JPG	3407769	2326f3b38ec7f3a25bc52fd24a38907faba8957eac080eda6a3e24cbf5f4586f	2326f3b38ec7f3a25bc52fd24a38907faba8957eac080eda6a3e24cbf5f4586f	
UploadFiles/xwzx/2024/2/202402250954480286.jpg	UploadFiles/xwzx/2024/2/202402250954480286.jpg	2250646	3ed5254a1d4d5d4a293560f49cc51b9839273780f0ee712ad9334a96ed0a3fcd	3ed5254a1d4d5d4a293560f49cc51b9839273780f0ee712ad9334a96ed0a3fcd	
UploadFiles/xwzx/2024/2/202402250954481008.JPG	UploadFiles/xwzx/2024/2/202402250954481008.JPG	3214092	4d7c534646ed7ad2ea32e9ec5382240b472aca6b75b2dd56c7f29c359ccbb5a8	4d7c534646ed7ad2ea32e9ec5382240b472aca6b75b2dd56c7f29c359ccbb5a8	
UploadFiles/xwzx/2024/2/202402250954488178.JPG	UploadFiles/xwzx/2024/2/202402250954488178.JPG	2312630	dbd01a758daea274738b84c397f0893bbb28792243370efd031a04726ef46c9b	dbd01a758daea274738b84c397f0893bbb28792243370efd031a04726ef46c9b	
UploadFiles/xwzx/2024/2/202402250955006212.JPG	UploadFiles/xwzx/2024/2/202402250955006212.JPG	2363457	2c677eae941acfa9554427acfb90ea82fb33e2bfe4472a188405f4d1dd05a7d3	2c677eae941acfa9554427acfb90ea82fb33e2bfe4472a188405f4d1dd05a7d3	
UploadFiles/xwzx/2024/2/202402250955007552.jpg	UploadFiles/xwzx/2024/2/202402250955007552.jpg	2510220	9112a0c024cb52790f1c2f19903db8df265d41d1adc6626cdaef6203561e46f3	9112a0c024cb52790f1c2f19903db8df265d41d1adc6626cdaef6203561e46f3	
UploadFiles/xwzx/2024/2/202402250955007589.jpg	UploadFiles/xwzx/2024/2/202402250955007589.jpg	2688196	27752750f6a04ba03af2b65ab5dca876764869984ba744209dc105f4b91c0082	27752750f6a04ba03af2b65ab5dca876764869984ba744209dc105f4b91c0082	
UploadFiles/xwzx/2024/2/202402250955009625.JPG	UploadFiles/xwzx/2024/2/202402250955009625.JPG	2380909	213a1f5a91b1d0f42098e4d258942a8a509c122b8fb2a37f0845fd95d244b7a7	213a1f5a91b1d0f42098e4d258942a8a509c122b8fb2a37f0845fd95d244b7a7	
UploadFiles/xwzx/2024/2/202402250957304726.JPG	UploadFiles/xwzx/2024/2/202402250957304726.JPG	6470378	48501161bcdf9a06fa34adeeedece2df0fe6ed0a15a85f6a27bde136ce56af35	48501161bcdf9a06fa34adeeedece2df0fe6ed0a15a85f6a27bde136ce56af35	
UploadFiles/xwzx/2024/2/202402250957309833.JPG	UploadFiles/xwzx/2024/2/202402250957309833.JPG	7797595	e7124f06f66257b852eba3185fbfcda750070dc69fc99cbe1c066d3727a93500	e7124f06f66257b852eba3185fbfcda750070dc69fc99cbe1c066d3727a93500	
UploadFiles/xwzx/2024/2/202402250957440414.jpg	UploadFiles/xwzx/2024/2/202402250957440414.jpg	306317	f33aeb2c889f49d812aa7873eeb3b8a4d1e81a879f9f08d689e44bd6f5e8f99e	f33aeb2c889f49d812aa7873eeb3b8a4d1e81a879f9f08d689e44bd6f5e8f99e	
UploadFiles/xwzx/2024/2/202402250957442835.jpg	UploadFiles/xwzx/2024/2/202402250957442835.jpg	344409	774b2121d37f51f4fe7e1eed3ee4bb9d3cfb7b6a92e96ff12b2f41b31eed91c4	774b2121d37f51f4fe7e1eed3ee4bb9d3cfb7b6a92e96ff12b2f41b31eed91c4	
UploadFiles/xwzx/2024/2/202402250957443145.jpg	UploadFiles/xwzx/2024/2/202402250957443145.jpg	291971	e5fcea1b40b04c572d675f1428f216ef0aa601daac841bd150eb200f199fe3a8	e5fcea1b40b04c572d675f1428f216ef0aa601daac841bd150eb200f199fe3a8	
UploadFiles/xwzx/2024/2/202402250957443855.jpg	UploadFiles/xwzx/2024/2/202402250957443855.jpg	292781	92dafece22b3fc5b1a3d0d171929162da9d3c24f4dcfffc57792aad0ef4b444f	92dafece22b3fc5b1a3d0d171929162da9d3c24f4dcfffc57792aad0ef4b444f	
UploadFiles/xwzx/2024/2/202402250957451843.jpg	UploadFiles/xwzx/2024/2/202402250957451843.jpg	430879	8d888e61d49fd6a081951251cacf2f841170898e76219ccbd8f14f9cdc314ac4	8d888e61d49fd6a081951251cacf2f841170898e76219ccbd8f14f9cdc314ac4	
UploadFiles/xwzx/2024/2/202402250957458611.jpg	UploadFiles/xwzx/2024/2/202402250957458611.jpg	372079	e3fcae0b593508ba0502e7da28709d4124627ed944534f1c9350901af871649c	e3fcae0b593508ba0502e7da28709d4124627ed944534f1c9350901af871649c	
UploadFiles/xwzx/2024/2/202402250958033919.jpg	UploadFiles/xwzx/2024/2/202402250958033919.jpg	333820	e86702de18c10d26ec2783643cc7795b74717fa7cc5efe997a69eb14a5628e32	e86702de18c10d26ec2783643cc7795b74717fa7cc5efe997a69eb14a5628e32	
UploadFiles/xwzx/2024/2/202402250958040528.JPG	UploadFiles/xwzx/2024/2/202402250958040528.JPG	6472968	06437964034627270d7e2e8ac0f4a7c8102b951dc372c425cd2debd5a0de0015	06437964034627270d7e2e8ac0f4a7c8102b951dc372c425cd2debd5a0de0015	
UploadFiles/xwzx/2024/2/202402250958041617.JPG	UploadFiles/xwzx/2024/2/202402250958041617.JPG	5340837	7840868a3715a62174631d4d8cc941281daaf37510afd263de03c3ec0f308e5f	7840868a3715a62174631d4d8cc941281daaf37510afd263de03c3ec0f308e5f	
UploadFiles/xwzx/2024/2/202402250958042569.JPG	UploadFiles/xwzx/2024/2/202402250958042569.JPG	6980427	9541c7d87a3dfff03877f680cd4401538e9144870e8b14ccf515d50ee51c6204	9541c7d87a3dfff03877f680cd4401538e9144870e8b14ccf515d50ee51c6204	
UploadFiles/xwzx/2024/2/202402250958203752.jpg	UploadFiles/xwzx/2024/2/202402250958203752.jpg	206298	a84d010ed7b92dbe233b4e201e997f29e8de1c530b6052198d59deed40db1da3	a84d010ed7b92dbe233b4e201e997f29e8de1c530b6052198d59deed40db1da3	
UploadFiles/xwzx/2024/2/202402250958215795.JPG	UploadFiles/xwzx/2024/2/202402250958215795.JPG	5570560	c049da3a5c09337b6dc19bceef31c09507f205bd75d3c8ddac116d6203991113	c049da3a5c09337b6dc19bceef31c09507f205bd75d3c8ddac116d6203991113	
UploadFiles/xwzx/2024/2/202402250958221673.JPG	UploadFiles/xwzx/2024/2/202402250958221673.JPG	14090240	6e953869b707220c0bb70a21c662549c776ff5efee22a4aa5bbc67a8bef6ee4c	6e953869b707220c0bb70a21c662549c776ff5efee22a4aa5bbc67a8bef6ee4c	
UploadFiles/xwzx/2024/2/202402250958226214.JPG	UploadFiles/xwzx/2024/2/202402250958226214.JPG	5799936	c9dbec02319defbc8ac698941ab32d3ff5f8c5594e18f19bec5c4d709242ed2c	c9dbec02319defbc8ac698941ab32d3ff5f8c5594e18f19bec5c4d709242ed2c	
UploadFiles/xwzx/2024/2/202402250959312228.jpg	UploadFiles/xwzx/2024/2/202402250959312228.jpg	205274	77f25a38eed80da9723986bafbe6b15ab90b1e2f316ed917afb4a4473792643c	77f25a38eed80da9723986bafbe6b15ab90b1e2f316ed917afb4a4473792643c	
UploadFiles/xwzx/2024/2/202402250959312541.jpg	UploadFiles/xwzx/2024/2/202402250959312541.jpg	204342	06de37388e862e9a36d2aa30bd83f100d6d9a4d66f5882800108c3e662b5925b	06de37388e862e9a36d2aa30bd83f100d6d9a4d66f5882800108c3e662b5925b	
UploadFiles/xwzx/2024/2/202402250959316023.jpg	UploadFiles/xwzx/2024/2/202402250959316023.jpg	230072	fcb567cfe9d3d0a63c9a35d5bdfc767bc1c9d2c98c51f9c016ec9149569c16a2	fcb567cfe9d3d0a63c9a35d5bdfc767bc1c9d2c98c51f9c016ec9149569c16a2	
UploadFiles/xwzx/2024/2/202402250959317355.jpg	UploadFiles/xwzx/2024/2/202402250959317355.jpg	289924	51fb32ee70ee885429bd96c9c133b7c5958a21f3e7dabfdd1e64a95c66b21c5a	51fb32ee70ee885429bd96c9c133b7c5958a21f3e7dabfdd1e64a95c66b21c5a	
UploadFiles/xwzx/2024/2/202402250959324374.jpg	UploadFiles/xwzx/2024/2/202402250959324374.jpg	279674	d46972f8732127aca67857503ed533ccb2cfad09d4500f72b063179dd68ab0e3	d46972f8732127aca67857503ed533ccb2cfad09d4500f72b063179dd68ab0e3	
UploadFiles/xwzx/2024/2/202402250959332275.jpg	UploadFiles/xwzx/2024/2/202402250959332275.jpg	12954119	03ea37e6b7afbbe550493517b87896d1f0949bd49ddac1039e2138509250e818	03ea37e6b7afbbe550493517b87896d1f0949bd49ddac1039e2138509250e818	
UploadFiles/xwzx/2024/2/202402250959487810.jpg	UploadFiles/xwzx/2024/2/202402250959487810.jpg	3042825	e8f1f3e5beb828f4391804943a3f8a14282dba9d90c76f4229957d5a17dcf171	e8f1f3e5beb828f4391804943a3f8a14282dba9d90c76f4229957d5a17dcf171	
UploadFiles/xwzx/2024/2/202402250959489574.jpg	UploadFiles/xwzx/2024/2/202402250959489574.jpg	3100778	5323cd0dcb98b011fd5c1fd2753adcab477f3ecffea2d39a07c6883c09c16b88	5323cd0dcb98b011fd5c1fd2753adcab477f3ecffea2d39a07c6883c09c16b88	
UploadFiles/xwzx/2024/2/202402271250558600.JPG	UploadFiles/xwzx/2024/2/202402271250558600.JPG	1913408	0d0241346f4c08757d661d9e4f7f52f35d62768d6f7112cb77011e58dfe08d42	0d0241346f4c08757d661d9e4f7f52f35d62768d6f7112cb77011e58dfe08d42	
UploadFiles/xwzx/2024/2/202402271659276088.png	UploadFiles/xwzx/2024/2/202402271659276088.png	25422	6c8488f1801969ff7c4b8e4c0872f24f64ed7d0e4fc44d58c61529084cd9ffef	6c8488f1801969ff7c4b8e4c0872f24f64ed7d0e4fc44d58c61529084cd9ffef	
UploadFiles/xwzx/2024/2/202402291624123582.png	UploadFiles/xwzx/2024/2/202402291624123582.png	26813	8a84aae162a85f82217fe6a325dd56adf46fda5d61fad382b04d50103247c48a	8a84aae162a85f82217fe6a325dd56adf46fda5d61fad382b04d50103247c48a	
UploadFiles/xwzx/2024/2/202402291624291138.png	UploadFiles/xwzx/2024/2/202402291624291138.png	9916	d445b85a665ccdf459ac5937b568dc5265c3629cb3d99f2ff76bfc0a48e57d28	d445b85a665ccdf459ac5937b568dc5265c3629cb3d99f2ff76bfc0a48e57d28	
UploadFiles/xwzx/2024/3/202403010855037697.jpg	UploadFiles/xwzx/2024/3/202403010855037697.jpg	4084025	0181395bf4a2363cda211c015d773c219c3c42ac3150dcc42dd655269fe2f179	0181395bf4a2363cda211c015d773c219c3c42ac3150dcc42dd655269fe2f179	
UploadFiles/xwzx/2024/3/202403010855492105.jpg	UploadFiles/xwzx/2024/3/202403010855492105.jpg	108866	378437e7bbc3d65f8d7d908e1b569f894a14a67236c2fcf919a453ffd84c1fa7	378437e7bbc3d65f8d7d908e1b569f894a14a67236c2fcf919a453ffd84c1fa7	
UploadFiles/xwzx/2024/3/202403010855492828.jpg	UploadFiles/xwzx/2024/3/202403010855492828.jpg	81990	ec6e1e7a189668dd51d4ba460b617598807dc57fd173065236d9a50468938a31	ec6e1e7a189668dd51d4ba460b617598807dc57fd173065236d9a50468938a31	
UploadFiles/xwzx/2024/3/202403010855496982.JPG	UploadFiles/xwzx/2024/3/202403010855496982.JPG	2961986	c41f9fec46b42c2df39fd530d05e7f590b6778ba881bad6e5ae1260e637eb67e	c41f9fec46b42c2df39fd530d05e7f590b6778ba881bad6e5ae1260e637eb67e	
UploadFiles/xwzx/2024/3/202403010855506330.JPG	UploadFiles/xwzx/2024/3/202403010855506330.JPG	2162858	ef728a4270a84aeb4e9a3c590734b5ef1e35d7601f8af4787ccdac8c2b00d5c7	ef728a4270a84aeb4e9a3c590734b5ef1e35d7601f8af4787ccdac8c2b00d5c7	
UploadFiles/xwzx/2024/3/202403010855506367.jpg	UploadFiles/xwzx/2024/3/202403010855506367.jpg	56757	00ce09ec8df25c89887cc24a5cf5d5a70a5fb933130f4a9bf0e62cdcac05a171	00ce09ec8df25c89887cc24a5cf5d5a70a5fb933130f4a9bf0e62cdcac05a171	
UploadFiles/xwzx/2024/3/202403010855515218.JPG	UploadFiles/xwzx/2024/3/202403010855515218.JPG	15082814	991f5a8ca692178db3ab184ae23c6fdf7fb7aa86d06387b8335d6071fa633366	991f5a8ca692178db3ab184ae23c6fdf7fb7aa86d06387b8335d6071fa633366	
UploadFiles/xwzx/2024/3/202403011326246157.png	UploadFiles/xwzx/2024/3/202403011326246157.png	9381941	9c250e17e630d858928f10705e8d264b700354613da72ab5ce9536c83f12971c	9c250e17e630d858928f10705e8d264b700354613da72ab5ce9536c83f12971c	
UploadFiles/xwzx/2024/3/202403011326303391.png	UploadFiles/xwzx/2024/3/202403011326303391.png	17199071	cd70bdebb58a9141fde23def76b9e29f3c5b645b63f2a08d157ac5030e2aabfd	cd70bdebb58a9141fde23def76b9e29f3c5b645b63f2a08d157ac5030e2aabfd	
UploadFiles/xwzx/2024/3/202403040808570670.png	UploadFiles/xwzx/2024/3/202403040808570670.png	15764	5061fb2c8410b5a1a16d8adf21aa8b981012697c8ac35a40f4686fe1c4a736c8	5061fb2c8410b5a1a16d8adf21aa8b981012697c8ac35a40f4686fe1c4a736c8	
UploadFiles/xwzx/2024/3/202403040808589172.png	UploadFiles/xwzx/2024/3/202403040808589172.png	27739	a2e985132b21e75275a2da78bd852fc4c966d675a1056b4479717a99381d00bf	a2e985132b21e75275a2da78bd852fc4c966d675a1056b4479717a99381d00bf	
UploadFiles/xwzx/2024/3/202403040823243642.jpg	UploadFiles/xwzx/2024/3/202403040823243642.jpg	94564	ec0b85f8146bbf2365f8fabfabcf5a91c8ae07a151070d31d2c85c14fbff0b0d	ec0b85f8146bbf2365f8fabfabcf5a91c8ae07a151070d31d2c85c14fbff0b0d	
UploadFiles/xwzx/2024/3/202403040844464718.png	UploadFiles/xwzx/2024/3/202403040844464718.png	67595	8dd77da3c2343af1c8b5d17ba90c27f07277cd3e3b7eaee67f74a082fe2889f1	8dd77da3c2343af1c8b5d17ba90c27f07277cd3e3b7eaee67f74a082fe2889f1	
UploadFiles/xwzx/2024/3/202403040859063501.gif	UploadFiles/xwzx/2024/3/202403040859063501.gif	1012	62c86a7776611273707faece405890b74a8c521b17a73e339875d8aa4f9ca361	62c86a7776611273707faece405890b74a8c521b17a73e339875d8aa4f9ca361	
UploadFiles/xwzx/2024/3/202403040859065219.gif	UploadFiles/xwzx/2024/3/202403040859065219.gif	1005	96ae963c64e3bf7edd26f5e8d131f80d1444536dc7c69b6164d23e4db16a20d3	96ae963c64e3bf7edd26f5e8d131f80d1444536dc7c69b6164d23e4db16a20d3	
UploadFiles/xwzx/2024/3/202403040859068374.gif	UploadFiles/xwzx/2024/3/202403040859068374.gif	970	2e20adfa5746298c73e199693934f04f5416d373daa6dd0d5e73a337f2f36dff	2e20adfa5746298c73e199693934f04f5416d373daa6dd0d5e73a337f2f36dff	
UploadFiles/xwzx/2024/3/202403041031322866.jpg	UploadFiles/xwzx/2024/3/202403041031322866.jpg	247297	af3661f38351b15ec764b7ba4a44398c8c1da6492e364b915c1865e9603c2141	af3661f38351b15ec764b7ba4a44398c8c1da6492e364b915c1865e9603c2141	
UploadFiles/xwzx/2024/3/202403041031331342.jpg	UploadFiles/xwzx/2024/3/202403041031331342.jpg	249198	22fe768b2c4fa9ab1e3a8ba58aaf7f913e1b53d496a517d5739cc2bbcc31e208	22fe768b2c4fa9ab1e3a8ba58aaf7f913e1b53d496a517d5739cc2bbcc31e208	
UploadFiles/xwzx/2024/3/202403041031335015.jpg	UploadFiles/xwzx/2024/3/202403041031335015.jpg	240215	ff34fd37450af4cb1621f5d650767a6ce79564672562025d7fff67c39e19dbaa	ff34fd37450af4cb1621f5d650767a6ce79564672562025d7fff67c39e19dbaa	
UploadFiles/xwzx/2024/3/202403041031337322.jpg	UploadFiles/xwzx/2024/3/202403041031337322.jpg	181009	468da5b05cc61e1bd9ef64229ab7abd095d6dec960b90c0caae7d5b4ea6b956a	468da5b05cc61e1bd9ef64229ab7abd095d6dec960b90c0caae7d5b4ea6b956a	
UploadFiles/xwzx/2024/3/202403041031337752.jpg	UploadFiles/xwzx/2024/3/202403041031337752.jpg	201767	78756525aa1fb32de2b5dda7c4b0c391b1b857e46005677dde296f5e1d19b2f7	78756525aa1fb32de2b5dda7c4b0c391b1b857e46005677dde296f5e1d19b2f7	
UploadFiles/xwzx/2024/3/202403041031348650.jpg	UploadFiles/xwzx/2024/3/202403041031348650.jpg	230627	6892f313f35cac59edcaa4b44ec1df2084bc617d412d658e2d5222e2f1581197	6892f313f35cac59edcaa4b44ec1df2084bc617d412d658e2d5222e2f1581197	
UploadFiles/xwzx/2024/3/202403041031399544.jpg	UploadFiles/xwzx/2024/3/202403041031399544.jpg	296819	ca70f7de895b8fec2e02617bad18162363e3f7c7e073286f0b98b1e7cfd23b85	ca70f7de895b8fec2e02617bad18162363e3f7c7e073286f0b98b1e7cfd23b85	
UploadFiles/xwzx/2024/3/202403041031432693.jpg	UploadFiles/xwzx/2024/3/202403041031432693.jpg	8449854	973a67582e82e3f7b277c9afb1156d728af891fa12cd8ab635b27cd1ca10275a	973a67582e82e3f7b277c9afb1156d728af891fa12cd8ab635b27cd1ca10275a	
UploadFiles/xwzx/2024/3/202403041031477336.jpg	UploadFiles/xwzx/2024/3/202403041031477336.jpg	9323583	55c2b45816d0781d3dfbfe7eedf8b6850d701c2a88d48538e1059b3408baa8ff	55c2b45816d0781d3dfbfe7eedf8b6850d701c2a88d48538e1059b3408baa8ff	
UploadFiles/xwzx/2024/3/202403041031478273.jpg	UploadFiles/xwzx/2024/3/202403041031478273.jpg	8363534	ec5d93d7211e722a98265342b15dfd313137b148d844f88fc0b364aa11418802	ec5d93d7211e722a98265342b15dfd313137b148d844f88fc0b364aa11418802	
UploadFiles/xwzx/2024/3/202403041031488688.jpg	UploadFiles/xwzx/2024/3/202403041031488688.jpg	5287217	ae87dd2569eb038aa469f58871566a0c8d791228a8e1ac21628ba49d94f4e4cc	ae87dd2569eb038aa469f58871566a0c8d791228a8e1ac21628ba49d94f4e4cc	
UploadFiles/xwzx/2024/3/202403041032242213.jpg	UploadFiles/xwzx/2024/3/202403041032242213.jpg	8130650	484cb43159d8bd7140d3b79045b38310960593c5826b5e62c68b3c8a11d95294	484cb43159d8bd7140d3b79045b38310960593c5826b5e62c68b3c8a11d95294	
UploadFiles/xwzx/2024/3/202403041033546837.JPG	UploadFiles/xwzx/2024/3/202403041033546837.JPG	2286492	ef5b39a4b4ecb6a7a4b3fdaa8a226fbd33540029a337f4991b0122cfcc77d448	ef5b39a4b4ecb6a7a4b3fdaa8a226fbd33540029a337f4991b0122cfcc77d448	
UploadFiles/xwzx/2024/3/202403041033595535.jpg	UploadFiles/xwzx/2024/3/202403041033595535.jpg	6386714	e4615504682ef610c120db5cf5eb83a0ae6d9bad51ee6501c3284acc5ca10637	e4615504682ef610c120db5cf5eb83a0ae6d9bad51ee6501c3284acc5ca10637	
UploadFiles/xwzx/2024/3/202403041034003672.jpg	UploadFiles/xwzx/2024/3/202403041034003672.jpg	8485221	a7c24d2fa93cd13e85b15c12aa36a1c509724acb87e14b8453564a2e0ad7da30	a7c24d2fa93cd13e85b15c12aa36a1c509724acb87e14b8453564a2e0ad7da30	
UploadFiles/xwzx/2024/3/202403041034013095.jpg	UploadFiles/xwzx/2024/3/202403041034013095.jpg	13634663	b547e16db972ea1a12a1b746b4e22f0fe0a38ebacfe7c220ba3b0836804fe79d	b547e16db972ea1a12a1b746b4e22f0fe0a38ebacfe7c220ba3b0836804fe79d	
UploadFiles/xwzx/2024/3/202403041034103144.JPG	UploadFiles/xwzx/2024/3/202403041034103144.JPG	12830283	167cda45db8d36820663a83bad563386abbe5e4f36b655a2b25d521fc7bf17de	167cda45db8d36820663a83bad563386abbe5e4f36b655a2b25d521fc7bf17de	
UploadFiles/xwzx/2024/3/202403041034140633.JPG	UploadFiles/xwzx/2024/3/202403041034140633.JPG	9800476	d863436e95cc612bfbf563abfabaa58e57c1e6e7093de7017b0ad8b9da3a7339	d863436e95cc612bfbf563abfabaa58e57c1e6e7093de7017b0ad8b9da3a7339	
UploadFiles/xwzx/2024/3/202403041034172872.JPG	UploadFiles/xwzx/2024/3/202403041034172872.JPG	12273806	ed9196314c4d7b56fc5ac53901054d4c07bff5d3385bf434334ae08686415893	ed9196314c4d7b56fc5ac53901054d4c07bff5d3385bf434334ae08686415893	
UploadFiles/xwzx/2024/3/202403041034198676.JPG	UploadFiles/xwzx/2024/3/202403041034198676.JPG	14425244	24342cb432af8a333643c54ee71b9aa9aa02cf1cc9535c6b79ca5a059d6c5b90	24342cb432af8a333643c54ee71b9aa9aa02cf1cc9535c6b79ca5a059d6c5b90	
UploadFiles/xwzx/2024/3/202403050908543019.jpg	UploadFiles/xwzx/2024/3/202403050908543019.jpg	172914	a771745eea01062a314f48be4a14b4d3cfe83f5f7e09bf0efe4acca933f14221	a771745eea01062a314f48be4a14b4d3cfe83f5f7e09bf0efe4acca933f14221	
UploadFiles/xwzx/2024/3/202403050908543108.jpg	UploadFiles/xwzx/2024/3/202403050908543108.jpg	420824	a5623679aae957d3a75b1151fe004185f075e4b90e98cffb5265eeb5745274ac	a5623679aae957d3a75b1151fe004185f075e4b90e98cffb5265eeb5745274ac	
UploadFiles/xwzx/2024/3/202403050908543602.jpg	UploadFiles/xwzx/2024/3/202403050908543602.jpg	421214	2951cbb0af2949bf17b4f24e2f9748eb202da2c290d0997e974bc196430ba445	2951cbb0af2949bf17b4f24e2f9748eb202da2c290d0997e974bc196430ba445	
UploadFiles/xwzx/2024/3/202403050908544716.jpg	UploadFiles/xwzx/2024/3/202403050908544716.jpg	262027	47cf75856cb546bc11f6adf949c523acbc51d19610a56e79b81815a0ddb8693f	47cf75856cb546bc11f6adf949c523acbc51d19610a56e79b81815a0ddb8693f	
UploadFiles/xwzx/2024/3/202403050908545707.jpg	UploadFiles/xwzx/2024/3/202403050908545707.jpg	273487	7a2690af93ab3b1390d44954b3130d824fe4843ebbf9a632a0cb12ff53e94814	7a2690af93ab3b1390d44954b3130d824fe4843ebbf9a632a0cb12ff53e94814	
UploadFiles/xwzx/2024/3/202403050908547727.jpg	UploadFiles/xwzx/2024/3/202403050908547727.jpg	252060	2e8d021c33537220d165ebd1e8c798ff1ac04a16646c3d3bf422da23d3f1714b	2e8d021c33537220d165ebd1e8c798ff1ac04a16646c3d3bf422da23d3f1714b	
UploadFiles/xwzx/2024/3/202403050908548501.jpg	UploadFiles/xwzx/2024/3/202403050908548501.jpg	241068	f627c76efb6da60273ce422bc867bcac526d90b20609e7e1c4b23d6f566cf787	f627c76efb6da60273ce422bc867bcac526d90b20609e7e1c4b23d6f566cf787	
UploadFiles/xwzx/2024/3/202403050908549166.jpg	UploadFiles/xwzx/2024/3/202403050908549166.jpg	220928	8e7eb3fa19f5dc7e2a758f873478b98184a2a694b3ebfe196e475d5b90af0c4a	8e7eb3fa19f5dc7e2a758f873478b98184a2a694b3ebfe196e475d5b90af0c4a	
UploadFiles/xwzx/2024/3/202403050908549484.jpg	UploadFiles/xwzx/2024/3/202403050908549484.jpg	229327	ac116f843692ed92e38a020520a4bdeeefee731605b9adb786cf4c1ec67073ec	ac116f843692ed92e38a020520a4bdeeefee731605b9adb786cf4c1ec67073ec	
UploadFiles/xwzx/2024/3/202403050908556874.jpg	UploadFiles/xwzx/2024/3/202403050908556874.jpg	268607	89c4a3398bb25a8b685b52f68926b6971ec2f529143f1d16824adab45c3a2d5d	89c4a3398bb25a8b685b52f68926b6971ec2f529143f1d16824adab45c3a2d5d	
UploadFiles/xwzx/2024/3/202403061000241511.png	UploadFiles/xwzx/2024/3/202403061000241511.png	76591	8e003bb6cebc23a40be78787e1e967988e0ba2e88af915311f97918544863a2b	8e003bb6cebc23a40be78787e1e967988e0ba2e88af915311f97918544863a2b	
UploadFiles/xwzx/2024/3/202403071652581183.png	UploadFiles/xwzx/2024/3/202403071652581183.png	255729	0a8a52719a4d8fe2618990952e8360824fd90bce76e87677e8c48bf545d2ffb7	0a8a52719a4d8fe2618990952e8360824fd90bce76e87677e8c48bf545d2ffb7	
UploadFiles/xwzx/2024/3/202403071951553765.jpg	UploadFiles/xwzx/2024/3/202403071951553765.jpg	82231	e503a9058bb69d1d2d1282974cd59b2a500c63fa8b49cddef18665d5b166f108	e503a9058bb69d1d2d1282974cd59b2a500c63fa8b49cddef18665d5b166f108	
UploadFiles/xwzx/2024/3/202403071953128259.jpg	UploadFiles/xwzx/2024/3/202403071953128259.jpg	48202	37355b4b4c17a887f85244d8759617f551f82bad7f43b46803e24461edfe5448	37355b4b4c17a887f85244d8759617f551f82bad7f43b46803e24461edfe5448	
UploadFiles/xwzx/2024/3/202403071953129974.jpg	UploadFiles/xwzx/2024/3/202403071953129974.jpg	51007	75276ae5d2c1b0899da727a30c06035cba2e5a67fa8f05cc1533fd53e40e3baa	75276ae5d2c1b0899da727a30c06035cba2e5a67fa8f05cc1533fd53e40e3baa	
UploadFiles/xwzx/2024/3/202403081609328733.png	UploadFiles/xwzx/2024/3/202403081609328733.png	48653	6c8e5b59caf059548556e15ad1bdc4aeb69bc24df9532ebd2395c6c920b429d7	6c8e5b59caf059548556e15ad1bdc4aeb69bc24df9532ebd2395c6c920b429d7	
UploadFiles/xwzx/2024/3/202403081655201817.png	UploadFiles/xwzx/2024/3/202403081655201817.png	77136	a0f4dfd292dc16f5c25855f0582ab222360ad58ed45e3eb4f76206c4975f2c39	a0f4dfd292dc16f5c25855f0582ab222360ad58ed45e3eb4f76206c4975f2c39	
UploadFiles/xwzx/2024/3/202403111555493181.png	UploadFiles/xwzx/2024/3/202403111555493181.png	101449	d8f65687f61d84bfa2a510eac1b36a33827219f396faadc14ebdf97723dd55c2	d8f65687f61d84bfa2a510eac1b36a33827219f396faadc14ebdf97723dd55c2	
UploadFiles/xwzx/2024/3/202403111556091635.png	UploadFiles/xwzx/2024/3/202403111556091635.png	89967	b1bad266e43019b0a5570e2e05e74d0ea354b59a2530e38405cb4d935e975528	b1bad266e43019b0a5570e2e05e74d0ea354b59a2530e38405cb4d935e975528	
UploadFiles/xwzx/2024/3/202403111556315798.png	UploadFiles/xwzx/2024/3/202403111556315798.png	90003	b5ae45a56a72a1e224c8ce050c29843cf917cf859527eb06b855c8e1003559b1	b5ae45a56a72a1e224c8ce050c29843cf917cf859527eb06b855c8e1003559b1	
UploadFiles/xwzx/2024/3/202403111557140514.png	UploadFiles/xwzx/2024/3/202403111557140514.png	90023	be7ef777452a5fc54d201f9cbc7d39c036da521ddde8ab99dd5ef0cf3e69d862	be7ef777452a5fc54d201f9cbc7d39c036da521ddde8ab99dd5ef0cf3e69d862	
UploadFiles/xwzx/2024/3/202403131559482485.png	UploadFiles/xwzx/2024/3/202403131559482485.png	89889	92bb0db1f15d2c9bc97ceccaa7a8cd1ba267d3b88f91e0d500c8df0fbe334767	92bb0db1f15d2c9bc97ceccaa7a8cd1ba267d3b88f91e0d500c8df0fbe334767	
UploadFiles/xwzx/2024/3/202403131601067059.png	UploadFiles/xwzx/2024/3/202403131601067059.png	76863	0fd5ec4da0b2849689c7bc6aca1d11be01cfc5c0ffb3882bb68b5a3fdc3bac9b	0fd5ec4da0b2849689c7bc6aca1d11be01cfc5c0ffb3882bb68b5a3fdc3bac9b	
UploadFiles/xwzx/2024/3/202403131715490666.gif	UploadFiles/xwzx/2024/3/202403131715490666.gif	1012	62c86a7776611273707faece405890b74a8c521b17a73e339875d8aa4f9ca361	62c86a7776611273707faece405890b74a8c521b17a73e339875d8aa4f9ca361	
UploadFiles/xwzx/2024/3/202403131740441025.jpg	UploadFiles/xwzx/2024/3/202403131740441025.jpg	4360	d5d095d7937caadc9c90c537478084a97932a5b4171d553c3580ce386ed3c520	d5d095d7937caadc9c90c537478084a97932a5b4171d553c3580ce386ed3c520	
UploadFiles/xwzx/2024/3/202403141033235307.png	UploadFiles/xwzx/2024/3/202403141033235307.png	90661	f12b36a52f7473866b9da7c0ac5a6c6b3c03914700ff67ea9d7677b7c4bef520	f12b36a52f7473866b9da7c0ac5a6c6b3c03914700ff67ea9d7677b7c4bef520	
UploadFiles/xwzx/2024/3/202403141447250286.png	UploadFiles/xwzx/2024/3/202403141447250286.png	91364	50d07f93119788ffb04e0b81b9e9c48a4dd24bbb4274250a2e3a4b430f0e203c	50d07f93119788ffb04e0b81b9e9c48a4dd24bbb4274250a2e3a4b430f0e203c	
UploadFiles/xwzx/2024/3/202403141545550032.png	UploadFiles/xwzx/2024/3/202403141545550032.png	75964	937a98fb3c24596ae420baf01fffe3f11c04d95efbe3768f92fabdf00439c0de	937a98fb3c24596ae420baf01fffe3f11c04d95efbe3768f92fabdf00439c0de	
UploadFiles/xwzx/2024/3/202403141624381352.png	UploadFiles/xwzx/2024/3/202403141624381352.png	77191	f2945a7dd9425e214f1ba2599abc15d63a7712b7f3dde98205ebb3f841225d26	f2945a7dd9425e214f1ba2599abc15d63a7712b7f3dde98205ebb3f841225d26	
UploadFiles/xwzx/2024/3/202403141624580327.png	UploadFiles/xwzx/2024/3/202403141624580327.png	93632	550b8632426d1c9ec542a8ad18d60d6dbcc225298cc880493117058635ee0929	550b8632426d1c9ec542a8ad18d60d6dbcc225298cc880493117058635ee0929	
UploadFiles/xwzx/2024/3/202403151004369563.JPG	UploadFiles/xwzx/2024/3/202403151004369563.JPG	3609127	7b21e09eb8ff158d5d2ae812f4c578d5dac7520c5992407a9a74a6731a203cf2	7b21e09eb8ff158d5d2ae812f4c578d5dac7520c5992407a9a74a6731a203cf2	
UploadFiles/xwzx/2024/3/202403151004555438.JPG	UploadFiles/xwzx/2024/3/202403151004555438.JPG	7056334	a623bc917ad7154afa352b92bd02510d8f5746f7d35c17f756324c2511e5c401	a623bc917ad7154afa352b92bd02510d8f5746f7d35c17f756324c2511e5c401	
UploadFiles/xwzx/2024/3/202403151004563569.JPG	UploadFiles/xwzx/2024/3/202403151004563569.JPG	5839022	66c01e011a13c51c4269a794562f72f7ebf0e52f0e1a0c14e0e5b8ee47a044fd	66c01e011a13c51c4269a794562f72f7ebf0e52f0e1a0c14e0e5b8ee47a044fd	
UploadFiles/xwzx/2024/3/202403151004597322.JPG	UploadFiles/xwzx/2024/3/202403151004597322.JPG	5742408	da44c8077bbc7d93cae4d5219d35504b5f104ec3414c9033b0143323cd74e3d2	da44c8077bbc7d93cae4d5219d35504b5f104ec3414c9033b0143323cd74e3d2	
UploadFiles/xwzx/2024/3/202403151005033940.JPG	UploadFiles/xwzx/2024/3/202403151005033940.JPG	2173592	09a7872fb60bd21479731f82e8a4b434ce1aa83e9245800f16aca1bdd95e0c6c	09a7872fb60bd21479731f82e8a4b434ce1aa83e9245800f16aca1bdd95e0c6c	
UploadFiles/xwzx/2024/3/202403151249119557.png	UploadFiles/xwzx/2024/3/202403151249119557.png	45804	32ba0926d1dd0278ef4202a778869b58f0786d940a02ebe1a876276363e5b167	32ba0926d1dd0278ef4202a778869b58f0786d940a02ebe1a876276363e5b167	
UploadFiles/xwzx/2024/3/202403151601049359.gif	UploadFiles/xwzx/2024/3/202403151601049359.gif	970	2e20adfa5746298c73e199693934f04f5416d373daa6dd0d5e73a337f2f36dff	2e20adfa5746298c73e199693934f04f5416d373daa6dd0d5e73a337f2f36dff	
UploadFiles/xwzx/2024/3/202403151645441779.png	UploadFiles/xwzx/2024/3/202403151645441779.png	76970	6a313e8d03c7dec4afbc1dad76d83df497fb293e1b6bf34002f1124c4fcc1568	6a313e8d03c7dec4afbc1dad76d83df497fb293e1b6bf34002f1124c4fcc1568	
UploadFiles/xwzx/2024/3/202403180732492790.jpg	UploadFiles/xwzx/2024/3/202403180732492790.jpg	41787	9dc6dcd1a0f7372990ceaf1d1f6cfcf741f44a06537963ffb570a8899f0921b7	9dc6dcd1a0f7372990ceaf1d1f6cfcf741f44a06537963ffb570a8899f0921b7	
UploadFiles/xwzx/2024/3/202403180732497989.jpg	UploadFiles/xwzx/2024/3/202403180732497989.jpg	48201	01137354b45c2f9dc59aca7a2dcfd40c4cf81a9e3913102f50e7337333a1cc89	01137354b45c2f9dc59aca7a2dcfd40c4cf81a9e3913102f50e7337333a1cc89	
UploadFiles/xwzx/2024/3/202403180922558147.png	UploadFiles/xwzx/2024/3/202403180922558147.png	67688	ef28b558713932c38199f3ec1e1fda2d5918df49da955bb33ac5b88f8bce2220	ef28b558713932c38199f3ec1e1fda2d5918df49da955bb33ac5b88f8bce2220	
UploadFiles/xwzx/2024/3/202403180941537725.png	UploadFiles/xwzx/2024/3/202403180941537725.png	98618	2e3934756dfe9191b8927c95a30651b1ac2e5f671b173dd79c98857b0435844c	2e3934756dfe9191b8927c95a30651b1ac2e5f671b173dd79c98857b0435844c	
UploadFiles/xwzx/2024/3/202403180952408766.png	UploadFiles/xwzx/2024/3/202403180952408766.png	100154	38daea2bc9d88fdeba9ff4ef8cbbe9abbdcd63c2e74a53509108e0f219ba7a61	38daea2bc9d88fdeba9ff4ef8cbbe9abbdcd63c2e74a53509108e0f219ba7a61	
UploadFiles/xwzx/2024/3/202403181448157777.png	UploadFiles/xwzx/2024/3/202403181448157777.png	119894	894d3f84fc4e42ffe62994ea321b3d2ca1a86f283cbaae566772d7f7b56f05bc	894d3f84fc4e42ffe62994ea321b3d2ca1a86f283cbaae566772d7f7b56f05bc	
UploadFiles/xwzx/2024/3/202403181449103723.jpg	UploadFiles/xwzx/2024/3/202403181449103723.jpg	71441	ea0adb0005767d10fe50d4791c706b736c06678ab04c987b6f94f7388b97b276	ea0adb0005767d10fe50d4791c706b736c06678ab04c987b6f94f7388b97b276	
UploadFiles/xwzx/2024/3/202403191000468864.png	UploadFiles/xwzx/2024/3/202403191000468864.png	90030	738d32d8f29952f7aa62a53041ad9627bb70a193d0b6498e41a8b45805cd741a	738d32d8f29952f7aa62a53041ad9627bb70a193d0b6498e41a8b45805cd741a	
UploadFiles/xwzx/2024/3/202403191534079327.png	UploadFiles/xwzx/2024/3/202403191534079327.png	90189	62512a51b93c681f419a6b9b4b4c7974c209e9f95d4586b8b59fa4f890dee0d9	62512a51b93c681f419a6b9b4b4c7974c209e9f95d4586b8b59fa4f890dee0d9	
UploadFiles/xwzx/2024/3/202403191535132604.png	UploadFiles/xwzx/2024/3/202403191535132604.png	83848	cdceaa8cc3471ce1d05aa3b1b019c2b1ad158af1b9eeb5a388db94875b5ae1bc	cdceaa8cc3471ce1d05aa3b1b019c2b1ad158af1b9eeb5a388db94875b5ae1bc	
UploadFiles/xwzx/2024/3/202403201542487240.png	UploadFiles/xwzx/2024/3/202403201542487240.png	101104	b432e040f94e515253053ff6f832bfc16f64f85f4b06a7a812d9b1c0fd4874be	b432e040f94e515253053ff6f832bfc16f64f85f4b06a7a812d9b1c0fd4874be	
UploadFiles/xwzx/2024/3/202403201543323245.png	UploadFiles/xwzx/2024/3/202403201543323245.png	84672	54ad1bcd85d820aa9a10a60c398bf337381dcc5a2942a996a2348fd29eb89725	54ad1bcd85d820aa9a10a60c398bf337381dcc5a2942a996a2348fd29eb89725	
UploadFiles/xwzx/2024/3/202403211112018718.JPG	UploadFiles/xwzx/2024/3/202403211112018718.JPG	6427215	b58985a1ade64fd7e4adae178dcdc34449dbcd9dedff53f2811fa9439c6fc54c	b58985a1ade64fd7e4adae178dcdc34449dbcd9dedff53f2811fa9439c6fc54c	
UploadFiles/xwzx/2024/3/202403211121181160.JPG	UploadFiles/xwzx/2024/3/202403211121181160.JPG	4482871	b146291d3ad3e6ad2ce4a0b0d411ed31cb49aa52eb2e13a988bf69da59fecf0f	b146291d3ad3e6ad2ce4a0b0d411ed31cb49aa52eb2e13a988bf69da59fecf0f	
UploadFiles/xwzx/2024/3/202403211431215868.JPG	UploadFiles/xwzx/2024/3/202403211431215868.JPG	4959221	04cdd52153d99c28f802f8e49ce0bf327c64c50676e789967803bc85bbb55536	04cdd52153d99c28f802f8e49ce0bf327c64c50676e789967803bc85bbb55536	
UploadFiles/xwzx/2024/3/202403211506243124.png	UploadFiles/xwzx/2024/3/202403211506243124.png	101329	3fce419e11c3ad01c1d229cedea34c0aef530dbcb506479a971aabb8f40c85ce	3fce419e11c3ad01c1d229cedea34c0aef530dbcb506479a971aabb8f40c85ce	
UploadFiles/xwzx/2024/3/202403211556479210.JPG	UploadFiles/xwzx/2024/3/202403211556479210.JPG	1433194	bd36a4e10ac4c0e67cc4e41fb338d43e2b7c9705821e42403be34b378b7bda23	bd36a4e10ac4c0e67cc4e41fb338d43e2b7c9705821e42403be34b378b7bda23	
UploadFiles/xwzx/2024/3/202403211624325848.png	UploadFiles/xwzx/2024/3/202403211624325848.png	84766	ea6b5e9d736e8f2076f1ff577683ace053c227a4a14275e643f87a9ccf8787fe	ea6b5e9d736e8f2076f1ff577683ace053c227a4a14275e643f87a9ccf8787fe	
UploadFiles/xwzx/2024/3/202403220810374889.png	UploadFiles/xwzx/2024/3/202403220810374889.png	47002	978656c4daa202abd5e7db53fa80564a1443649d6e863c5110425ef1ada2cef4	978656c4daa202abd5e7db53fa80564a1443649d6e863c5110425ef1ada2cef4	
UploadFiles/xwzx/2024/3/202403220830113412.jpg	UploadFiles/xwzx/2024/3/202403220830113412.jpg	90704	cb329771d43c93f074ca9cc5ca27827e0c081dce95b7e06a7ecb88f1e9dac073	cb329771d43c93f074ca9cc5ca27827e0c081dce95b7e06a7ecb88f1e9dac073	
UploadFiles/xwzx/2024/3/202403220833097153.JPG	UploadFiles/xwzx/2024/3/202403220833097153.JPG	16319817	dcfd44b2582770fd26d3cc4e5b2074c509c843e24c43023c60d09148a9a2f7ff	dcfd44b2582770fd26d3cc4e5b2074c509c843e24c43023c60d09148a9a2f7ff	
UploadFiles/xwzx/2024/3/202403220833103281.jpg	UploadFiles/xwzx/2024/3/202403220833103281.jpg	3607024	b9e4555186d319efda57ccd3a2fd5431601d9cd867b616041aa26f168faca8ab	b9e4555186d319efda57ccd3a2fd5431601d9cd867b616041aa26f168faca8ab	
UploadFiles/xwzx/2024/3/202403220833109281.jpg	UploadFiles/xwzx/2024/3/202403220833109281.jpg	10474086	95c3c0fd1d9051550bf3756ef26e6a49eb175b747aea553c1055dde8f3f660d8	95c3c0fd1d9051550bf3756ef26e6a49eb175b747aea553c1055dde8f3f660d8	
UploadFiles/xwzx/2024/3/202403220833112923.jpg	UploadFiles/xwzx/2024/3/202403220833112923.jpg	10339124	c9985c67de052453955aecba84db42dfc930d3ad86b4d353be8b50f39a5b8b27	c9985c67de052453955aecba84db42dfc930d3ad86b4d353be8b50f39a5b8b27	
UploadFiles/xwzx/2024/3/202403220833126815.jpg	UploadFiles/xwzx/2024/3/202403220833126815.jpg	3897396	d6c8da352e0ad9e9fa903abe58b35802efc9af74fd38c89fe01a2e189b75f07d	d6c8da352e0ad9e9fa903abe58b35802efc9af74fd38c89fe01a2e189b75f07d	
